,,,,,(Outside Air Damper Position %),
Date,UMBRS_1.DELTAV.Air Handling.ALUMNI_AH1.Return T,Status,UMBRS_1.DELTAV.Air Handling.ALUMNI_AH1.Supply T,Status,UMBRS_1.DELTAV.00009461,Status
 8/21/2018  11:05:14 AM,71.20261929,OK,56.08857997,OK,100,OK
 8/21/2018  11:06:14 AM,71.20799793,OK,56.07176102,OK,100,OK
 8/21/2018  11:07:14 AM,71.22095441,OK,56.06968997,OK,100,OK
 8/21/2018  11:08:14 AM,71.22768738,OK,56.08969091,OK,100,OK
 8/21/2018  11:09:14 AM,71.22982981,OK,56.11482708,OK,100,OK
 8/21/2018  11:10:14 AM,71.24271091,OK,56.12452525,OK,100,OK
 8/21/2018  11:11:14 AM,71.27059181,OK,56.09805065,OK,100,OK
 8/21/2018  11:12:14 AM,71.3001115,OK,56.05348493,OK,100,OK
 8/21/2018  11:13:14 AM,71.31829457,OK,55.99563031,OK,100,OK
 8/21/2018  11:14:14 AM,71.33506215,OK,55.90608156,OK,100,OK
 8/21/2018  11:15:14 AM,71.34342298,OK,55.82553609,OK,100,OK
 8/21/2018  11:16:14 AM,71.34538488,OK,55.76339316,OK,100,OK
 8/21/2018  11:17:14 AM,71.36797748,OK,55.72101475,OK,100,OK
 8/21/2018  11:18:14 AM,71.38682105,OK,55.69284091,OK,100,OK
 8/21/2018  11:19:14 AM,71.42521167,OK,55.67735494,OK,100,OK
 8/21/2018  11:20:14 AM,71.44870501,OK,55.69074451,OK,100,OK
 8/21/2018  11:21:14 AM,71.45935527,OK,55.72823852,OK,100,OK
 8/21/2018  11:22:14 AM,71.47175493,OK,55.78285826,OK,100,OK
 8/21/2018  11:23:14 AM,71.48030133,OK,55.87433297,OK,100,OK
 8/21/2018  11:24:14 AM,71.49032644,OK,55.99408941,OK,100,OK
 8/21/2018  11:25:14 AM,71.52435891,OK,56.12079527,OK,100,OK
 8/21/2018  11:26:14 AM,71.5463514,OK,56.26363357,OK,100,OK
 8/21/2018  11:27:14 AM,71.56479743,OK,56.39080633,OK,100,OK
 8/21/2018  11:28:14 AM,71.5748645,OK,56.48532917,OK,100,OK
 8/21/2018  11:29:14 AM,71.57184572,OK,56.52883856,OK,100,OK
 8/21/2018  11:30:14 AM,71.57420451,OK,56.51058478,OK,100,OK
 8/21/2018  11:31:14 AM,71.58487727,OK,56.43031318,OK,100,OK
 8/21/2018  11:32:14 AM,71.59843459,OK,56.30834117,OK,100,OK
 8/21/2018  11:33:14 AM,71.60203263,OK,56.13113046,OK,100,OK
 8/21/2018  11:34:14 AM,71.60406326,OK,55.966447,OK,100,OK
 8/21/2018  11:35:14 AM,71.6166505,OK,55.81912343,OK,100,OK
 8/21/2018  11:36:14 AM,71.62210271,OK,55.71513739,OK,100,OK
 8/21/2018  11:37:14 AM,71.63196036,OK,55.65355824,OK,100,OK
 8/21/2018  11:38:14 AM,71.64120917,OK,55.63093969,OK,100,OK
 8/21/2018  11:39:14 AM,71.64792552,OK,55.64306159,OK,100,OK
 8/21/2018  11:40:14 AM,71.65815449,OK,55.69397163,OK,100,OK
 8/21/2018  11:41:14 AM,71.67464616,OK,55.7806873,OK,100,OK
 8/21/2018  11:42:14 AM,71.69968047,OK,55.8986586,OK,100,OK
 8/21/2018  11:43:14 AM,71.71106331,OK,56.06239867,OK,100,OK
 8/21/2018  11:44:14 AM,71.70815039,OK,56.2072343,OK,100,OK
 8/21/2018  11:45:14 AM,71.70924471,OK,56.3350224,OK,100,OK
 8/21/2018  11:46:14 AM,71.70785812,OK,56.39491746,OK,100,OK
 8/21/2018  11:47:14 AM,71.71117905,OK,56.39189544,OK,100,OK
 8/21/2018  11:48:14 AM,71.73372609,OK,56.35699862,OK,100,OK
 8/21/2018  11:49:14 AM,71.76284622,OK,56.299985,OK,100,OK
 8/21/2018  11:50:14 AM,71.77579718,OK,56.26521091,OK,100,OK
 8/21/2018  11:51:14 AM,71.77955613,OK,56.24817702,OK,100,OK
 8/21/2018  11:52:14 AM,71.77688959,OK,56.2179618,OK,100,OK
 8/21/2018  11:53:14 AM,71.76652513,OK,56.17852384,OK,100,OK
 8/21/2018  11:54:14 AM,71.76353725,OK,56.14416178,OK,100,OK
 8/21/2018  11:55:14 AM,71.76750944,OK,56.12057602,OK,100,OK
 8/21/2018  11:56:14 AM,71.78607899,OK,56.09989893,OK,100,OK
 8/21/2018  11:57:14 AM,71.79457553,OK,56.05975413,OK,100,OK
 8/21/2018  11:58:14 AM,71.79677575,OK,55.98962685,OK,100,OK
 8/21/2018  11:59:14 AM,71.79584336,OK,55.9069733,OK,100,OK
 8/21/2018  12:00:14 PM,71.78278135,OK,55.81585193,OK,100,OK
 8/21/2018  12:01:14 PM,71.78362355,OK,55.72530293,OK,100,OK
 8/21/2018  12:02:14 PM,71.77696144,OK,55.66647846,OK,100,OK
 8/21/2018  12:03:14 PM,71.77270042,OK,55.66344256,OK,100,OK
 8/21/2018  12:04:14 PM,71.78402433,OK,55.7184672,OK,100,OK
 8/21/2018  12:05:14 PM,71.80076559,OK,55.81357899,OK,100,OK
 8/21/2018  12:06:14 PM,71.80797812,OK,55.96567979,OK,100,OK
 8/21/2018  12:07:14 PM,71.8148977,OK,56.11244653,OK,100,OK
 8/21/2018  12:08:14 PM,71.81287136,OK,56.23056264,OK,100,OK
 8/21/2018  12:09:14 PM,71.82864841,OK,56.29102532,OK,100,OK
 8/21/2018  12:10:14 PM,71.83984941,OK,56.31724305,OK,100,OK
 8/21/2018  12:11:14 PM,71.84455441,OK,56.29716121,OK,100,OK
 8/21/2018  12:12:14 PM,71.85255275,OK,56.23540545,OK,100,OK
 8/21/2018  12:13:14 PM,71.86008773,OK,56.17522422,OK,100,OK
 8/21/2018  12:14:14 PM,71.86972329,OK,56.10732359,OK,100,OK
 8/21/2018  12:15:14 PM,71.87775291,OK,56.05990505,OK,100,OK
 8/21/2018  12:16:14 PM,71.88528652,OK,56.01597676,OK,100,OK
 8/21/2018  12:17:14 PM,71.88349493,OK,56.01434828,OK,100,OK
 8/21/2018  12:18:14 PM,71.87986727,OK,56.0485401,OK,100,OK
 8/21/2018  12:19:14 PM,71.88430654,OK,56.07851849,OK,100,OK
 8/21/2018  12:20:14 PM,71.89308497,OK,56.10080703,OK,100,OK
 8/21/2018  12:21:14 PM,71.9000886,OK,56.14340782,OK,100,OK
 8/21/2018  12:22:14 PM,71.91239891,OK,56.16314508,OK,100,OK
 8/21/2018  12:23:14 PM,71.92490171,OK,56.16588176,OK,100,OK
 8/21/2018  12:24:14 PM,71.92882582,OK,56.16744566,OK,100,OK
 8/21/2018  12:25:14 PM,71.93477842,OK,56.15682414,OK,100,OK
 8/21/2018  12:26:14 PM,71.94101332,OK,56.14838535,OK,100,OK
 8/21/2018  12:27:14 PM,71.94933179,OK,56.13328379,OK,100,OK
 8/21/2018  12:28:14 PM,71.95481226,OK,56.13345494,OK,100,OK
 8/21/2018  12:29:14 PM,71.96151776,OK,56.1312538,OK,100,OK
 8/21/2018  12:30:14 PM,71.97283743,OK,56.11161496,OK,55.105,OK
 8/21/2018  12:31:14 PM,71.98527033,OK,56.05323921,OK,0,OK
 8/21/2018  12:32:14 PM,71.9832897,OK,55.97777697,OK,4.131086407,OK
 8/21/2018  12:33:14 PM,71.97376234,OK,56.16642706,OK,6.939190457,OK
 8/21/2018  12:34:14 PM,71.97046264,OK,56.50051956,OK,9.95470983,OK
 8/21/2018  12:35:14 PM,71.97164904,OK,56.81506452,OK,13.58847835,OK
 8/21/2018  12:36:14 PM,71.96709534,OK,56.90837499,OK,16.89769948,OK
 8/21/2018  12:37:14 PM,71.94889051,OK,56.81080784,OK,20.48990397,OK
 8/21/2018  12:38:14 PM,71.91919362,OK,56.61061432,OK,23.52420269,OK
 8/21/2018  12:39:14 PM,71.89090721,OK,56.33858758,OK,26.06963153,OK
 8/21/2018  12:40:14 PM,71.85869265,OK,56.0757414,OK,28.29396878,OK
 8/21/2018  12:41:14 PM,71.82967556,OK,55.91978714,OK,21.07499964,OK
 8/21/2018  12:42:14 PM,71.82174835,OK,55.85997372,OK,0.158805354,OK
 8/21/2018  12:43:14 PM,71.81670774,OK,55.80710924,OK,0,OK
 8/21/2018  12:44:14 PM,71.81227579,OK,55.80721428,OK,0,OK
 8/21/2018  12:45:14 PM,71.81197017,OK,55.86449136,OK,0,OK
 8/21/2018  12:46:14 PM,71.81556166,OK,55.90183117,OK,0,OK
 8/21/2018  12:47:14 PM,71.80964732,OK,55.90127746,OK,0,OK
 8/21/2018  12:48:14 PM,71.80796814,OK,55.9028512,OK,0,OK
 8/21/2018  12:49:14 PM,71.8047514,OK,55.93292656,OK,0,OK
 8/21/2018  12:50:14 PM,71.8120601,OK,55.96468121,OK,0,OK
 8/21/2018  12:51:14 PM,71.81898594,OK,55.9937592,OK,0,OK
 8/21/2018  12:52:14 PM,71.82280866,OK,56.02004093,OK,0,OK
 8/21/2018  12:53:14 PM,71.8231111,OK,56.03215322,OK,0,OK
 8/21/2018  12:54:14 PM,71.82806671,OK,56.02099196,OK,0,OK
 8/21/2018  12:55:14 PM,71.83101695,OK,56.01580944,OK,0,OK
 8/21/2018  12:56:14 PM,71.83410598,OK,56.03636669,OK,0,OK
 8/21/2018  12:57:14 PM,71.83930073,OK,56.05722688,OK,0,OK
 8/21/2018  12:58:14 PM,71.84838061,OK,56.06521088,OK,0,OK
 8/21/2018  12:59:14 PM,71.85336165,OK,56.07629091,OK,0,OK
 8/21/2018  1:00:14 PM,71.85419337,OK,56.08624889,OK,0,OK
 8/21/2018  1:01:14 PM,71.84269784,OK,56.09571633,OK,0,OK
 8/21/2018  1:02:14 PM,71.84158641,OK,56.09013567,OK,0,OK
 8/21/2018  1:03:14 PM,71.85686528,OK,56.05420863,OK,0,OK
 8/21/2018  1:04:14 PM,71.87459621,OK,56.0192736,OK,0,OK
 8/21/2018  1:05:14 PM,71.87850014,OK,56.01254199,OK,0,OK
 8/21/2018  1:06:14 PM,71.8782729,OK,56.0212001,OK,0,OK
 8/21/2018  1:07:14 PM,71.88732263,OK,56.02572524,OK,0,OK
 8/21/2018  1:08:14 PM,71.89151785,OK,56.03911497,OK,0,OK
 8/21/2018  1:09:14 PM,71.89734333,OK,56.04637521,OK,0,OK
 8/21/2018  1:10:14 PM,71.90202765,OK,56.03528899,OK,0,OK
 8/21/2018  1:11:14 PM,71.9062994,OK,56.02637186,OK,0,OK
 8/21/2018  1:12:14 PM,71.91203314,OK,56.03176931,OK,0,OK
 8/21/2018  1:13:14 PM,71.92198089,OK,56.0617767,OK,0,OK
 8/21/2018  1:14:14 PM,71.93301644,OK,56.08355296,OK,0,OK
 8/21/2018  1:15:14 PM,71.94009349,OK,56.10662,OK,0,OK
 8/21/2018  1:16:14 PM,71.94208482,OK,56.14432982,OK,0,OK
 8/21/2018  1:17:14 PM,71.9388164,OK,56.15239337,OK,0,OK
 8/21/2018  1:18:14 PM,71.9387643,OK,56.14659166,OK,0,OK
 8/21/2018  1:19:14 PM,71.94526374,OK,56.1070702,OK,0,OK
 8/21/2018  1:20:14 PM,71.94575318,OK,56.0589091,OK,0,OK
 8/21/2018  1:21:14 PM,71.95358389,OK,56.02649099,OK,0,OK
 8/21/2018  1:22:14 PM,71.96088886,OK,56.00792831,OK,0,OK
 8/21/2018  1:23:14 PM,71.9715766,OK,55.97453844,OK,0,OK
 8/21/2018  1:24:14 PM,71.97672024,OK,55.95088196,OK,0,OK
 8/21/2018  1:25:14 PM,71.98535802,OK,55.92626115,OK,0,OK
 8/21/2018  1:26:14 PM,71.99900702,OK,55.93324308,OK,0,OK
 8/21/2018  1:27:14 PM,72.00717079,OK,55.95331318,OK,0,OK
 8/21/2018  1:28:14 PM,71.99824588,OK,55.97192933,OK,0,OK
 8/21/2018  1:29:14 PM,71.99148866,OK,56.00039941,OK,0,OK
 8/21/2018  1:30:14 PM,71.99925378,OK,56.02987447,OK,0,OK
 8/21/2018  1:31:14 PM,72.02338586,OK,56.03636519,OK,0,OK
 8/21/2018  1:32:14 PM,72.04085426,OK,56.03584043,OK,0,OK
 8/21/2018  1:33:14 PM,72.049102,OK,56.0325515,OK,0,OK
 8/21/2018  1:34:14 PM,72.05466215,OK,56.03181049,OK,0,OK
 8/21/2018  1:35:14 PM,72.05364459,OK,56.02269357,OK,0,OK
 8/21/2018  1:36:14 PM,72.04679104,OK,56.02234774,OK,0,OK
 8/21/2018  1:37:14 PM,72.04435352,OK,56.01846377,OK,0,OK
 8/21/2018  1:38:14 PM,72.05056782,OK,56.03040997,OK,0,OK
 8/21/2018  1:39:14 PM,72.05871504,OK,56.02657434,OK,0,OK
 8/21/2018  1:40:14 PM,72.06444899,OK,56.02762456,OK,0,OK
 8/21/2018  1:41:14 PM,72.07717373,OK,56.03440768,OK,0,OK
 8/21/2018  1:42:14 PM,72.10219735,OK,56.0391499,OK,0,OK
 8/21/2018  1:43:14 PM,72.1123268,OK,56.03338469,OK,0,OK
 8/21/2018  1:44:14 PM,72.1144516,OK,56.02456325,OK,0,OK
 8/21/2018  1:45:14 PM,72.1100204,OK,56.01984611,OK,0,OK
 8/21/2018  1:46:14 PM,72.11866252,OK,55.99888091,OK,0,OK
 8/21/2018  1:47:14 PM,72.12346409,OK,55.98940088,OK,0,OK
 8/21/2018  1:48:14 PM,72.12634247,OK,55.97926132,OK,0,OK
 8/21/2018  1:49:14 PM,72.13395395,OK,55.97451088,OK,0,OK
 8/21/2018  1:50:14 PM,72.13996936,OK,55.9361272,OK,0,OK
 8/21/2018  1:51:14 PM,72.13684166,OK,55.73330379,OK,0,OK
 8/21/2018  1:52:14 PM,72.13278724,OK,55.45833534,OK,0,OK
 8/21/2018  1:53:14 PM,72.12639041,OK,55.30647183,OK,0,OK
 8/21/2018  1:54:14 PM,72.13555009,OK,55.25370512,OK,0,OK
 8/21/2018  1:55:14 PM,72.1464746,OK,55.27758177,OK,0,OK
 8/21/2018  1:56:14 PM,72.14690102,OK,55.35971423,OK,0,OK
 8/21/2018  1:57:14 PM,72.14318808,OK,55.4732896,OK,0,OK
 8/21/2018  1:58:14 PM,72.14285793,OK,55.56705809,OK,0,OK
 8/21/2018  1:59:14 PM,72.15773447,OK,55.63447506,OK,0,OK
 8/21/2018  2:00:14 PM,72.17571621,OK,55.66761405,OK,0,OK
 8/21/2018  2:01:14 PM,72.19103845,OK,55.72036942,OK,0,OK
 8/21/2018  2:02:14 PM,72.19742382,OK,55.77549682,OK,0,OK
 8/21/2018  2:03:14 PM,72.1924005,OK,55.8163915,OK,0,OK
 8/21/2018  2:04:14 PM,72.18556643,OK,55.84224394,OK,0,OK
 8/21/2018  2:05:14 PM,72.17420947,OK,55.88255109,OK,0,OK
 8/21/2018  2:06:14 PM,72.17879508,OK,55.92957821,OK,0,OK
 8/21/2018  2:07:14 PM,72.19723533,OK,55.96752707,OK,0,OK
 8/21/2018  2:08:14 PM,72.21753678,OK,55.99723509,OK,0,OK
 8/21/2018  2:09:14 PM,72.23666965,OK,56.01773547,OK,0,OK
 8/21/2018  2:10:14 PM,72.24544795,OK,56.01416149,OK,0,OK
 8/21/2018  2:11:14 PM,72.24193039,OK,56.03326198,OK,0,OK
 8/21/2018  2:12:14 PM,72.2387184,OK,56.06278749,OK,0,OK
 8/21/2018  2:13:14 PM,72.25047604,OK,56.09209812,OK,0,OK
 8/21/2018  2:14:14 PM,72.26013198,OK,56.1064682,OK,0,OK
 8/21/2018  2:15:14 PM,72.27082639,OK,56.10964519,OK,0,OK
 8/21/2018  2:16:14 PM,72.28245234,OK,56.10683779,OK,0,OK
 8/21/2018  2:17:14 PM,72.29102484,OK,56.08273226,OK,0,OK
 8/21/2018  2:18:14 PM,72.30536248,OK,56.05534633,OK,0,OK
 8/21/2018  2:19:14 PM,72.32278606,OK,56.04907635,OK,0,OK
 8/21/2018  2:20:14 PM,72.3324801,OK,56.04339921,OK,0,OK
 8/21/2018  2:21:14 PM,72.32779921,OK,56.04905305,OK,0,OK
 8/21/2018  2:22:14 PM,72.32388833,OK,56.05962008,OK,0,OK
 8/21/2018  2:23:14 PM,72.32401886,OK,56.04662158,OK,0,OK
 8/21/2018  2:24:14 PM,72.32845446,OK,56.02484323,OK,0,OK
 8/21/2018  2:25:14 PM,72.32627668,OK,56.03933851,OK,0,OK
 8/21/2018  2:26:14 PM,72.33745672,OK,56.0534313,OK,0,OK
 8/21/2018  2:27:14 PM,72.35272435,OK,56.07079334,OK,0,OK
 8/21/2018  2:28:14 PM,72.36247071,OK,56.105304,OK,0,OK
 8/21/2018  2:29:14 PM,72.3653094,OK,56.15167071,OK,0,OK
 8/21/2018  2:30:14 PM,72.3641926,OK,56.15802832,OK,0,OK
 8/21/2018  2:31:14 PM,72.37159902,OK,56.14820771,OK,0,OK
 8/21/2018  2:32:14 PM,72.37127566,OK,56.13439988,OK,0,OK
 8/21/2018  2:33:14 PM,72.37693817,OK,56.08482229,OK,0,OK
 8/21/2018  2:34:14 PM,72.38606008,OK,56.01929137,OK,0,OK
 8/21/2018  2:35:14 PM,72.39526321,OK,55.97292225,OK,0,OK
 8/21/2018  2:36:14 PM,72.40720107,OK,55.95232608,OK,0,OK
 8/21/2018  2:37:14 PM,72.4195061,OK,55.93993114,OK,0,OK
 8/21/2018  2:38:14 PM,72.4209974,OK,55.92552826,OK,0,OK
 8/21/2018  2:39:14 PM,72.4335813,OK,55.92295399,OK,0,OK
 8/21/2018  2:40:14 PM,72.44259453,OK,55.92314725,OK,0,OK
 8/21/2018  2:41:14 PM,72.44266782,OK,55.96021566,OK,0,OK
 8/21/2018  2:42:14 PM,72.45238509,OK,55.98683906,OK,0,OK
 8/21/2018  2:43:14 PM,72.46341685,OK,55.99678059,OK,0,OK
 8/21/2018  2:44:14 PM,72.47114778,OK,56.01863716,OK,0,OK
 8/21/2018  2:45:14 PM,72.48209751,OK,56.03986003,OK,0,OK
 8/21/2018  2:46:14 PM,72.49118387,OK,56.04428679,OK,0,OK
 8/21/2018  2:47:14 PM,72.5016102,OK,56.0570769,OK,0,OK
 8/21/2018  2:48:14 PM,72.51427585,OK,56.06755664,OK,0,OK
 8/21/2018  2:49:14 PM,72.53237365,OK,56.07840673,OK,0,OK
 8/21/2018  2:50:14 PM,72.54118411,OK,56.07645073,OK,0,OK
 8/21/2018  2:51:14 PM,72.54703005,OK,56.08548735,OK,0,OK
 8/21/2018  2:52:14 PM,72.55470161,OK,56.0955279,OK,0,OK
 8/21/2018  2:53:14 PM,72.56161755,OK,56.09827697,OK,0,OK
 8/21/2018  2:54:14 PM,72.57550397,OK,56.10689753,OK,0,OK
 8/21/2018  2:55:14 PM,72.58177547,OK,56.10028896,OK,0,OK
 8/21/2018  2:56:14 PM,72.58741209,OK,56.09859684,OK,0,OK
 8/21/2018  2:57:14 PM,72.61423273,OK,56.09287101,OK,0,OK
 8/21/2018  2:58:14 PM,72.63712082,OK,56.05567333,OK,0,OK
 8/21/2018  2:59:14 PM,72.65389945,OK,56.03590465,OK,0,OK
 8/21/2018  3:00:14 PM,72.65442519,OK,56.0125723,OK,0,OK
 8/21/2018  3:01:14 PM,72.65790831,OK,55.96132309,OK,0,OK
 8/21/2018  3:02:14 PM,72.66412695,OK,55.95264119,OK,0,OK
 8/21/2018  3:03:14 PM,72.67694597,OK,55.97148499,OK,0,OK
 8/21/2018  3:04:14 PM,72.68134713,OK,55.98335334,OK,0,OK
 8/21/2018  3:05:14 PM,72.68036682,OK,56.0217145,OK,0,OK
 8/21/2018  3:06:14 PM,72.67563416,OK,56.06020152,OK,0,OK
 8/21/2018  3:07:14 PM,72.66607683,OK,56.07719369,OK,0,OK
 8/21/2018  3:08:14 PM,72.68230626,OK,56.08554633,OK,0,OK
 8/21/2018  3:09:14 PM,72.71203636,OK,56.06460107,OK,0,OK
 8/21/2018  3:10:14 PM,72.72369212,OK,56.04017859,OK,0,OK
 8/21/2018  3:11:14 PM,72.72747054,OK,56.0359333,OK,0,OK
 8/21/2018  3:12:14 PM,72.7286353,OK,56.04419295,OK,0,OK
 8/21/2018  3:13:14 PM,72.73281757,OK,56.0494216,OK,0,OK
 8/21/2018  3:14:14 PM,72.73573171,OK,56.05473421,OK,0,OK
 8/21/2018  3:15:14 PM,72.73527711,OK,56.04636685,OK,0,OK
 8/21/2018  3:16:14 PM,72.74150836,OK,56.0394309,OK,0,OK
 8/21/2018  3:17:14 PM,72.74476808,OK,56.0296512,OK,0,OK
 8/21/2018  3:18:14 PM,72.74933807,OK,56.01115084,OK,0,OK
 8/21/2018  3:19:14 PM,72.75024892,OK,55.99027815,OK,0,OK
 8/21/2018  3:20:14 PM,72.74737803,OK,55.9808393,OK,0,OK
 8/21/2018  3:21:14 PM,72.75303334,OK,55.97916671,OK,0,OK
 8/21/2018  3:22:14 PM,72.76152771,OK,55.98759305,OK,0,OK
 8/21/2018  3:23:14 PM,72.76382052,OK,56.02343918,OK,0,OK
 8/21/2018  3:24:14 PM,72.76336381,OK,56.04740939,OK,0,OK
 8/21/2018  3:25:14 PM,72.76171853,OK,56.06938982,OK,0,OK
 8/21/2018  3:26:14 PM,72.76887081,OK,56.10004641,OK,0,OK
 8/21/2018  3:27:14 PM,72.78524942,OK,56.11385897,OK,0,OK
 8/21/2018  3:28:14 PM,72.79114351,OK,56.11528945,OK,0,OK
 8/21/2018  3:29:14 PM,72.79008325,OK,56.09148048,OK,0,OK
 8/21/2018  3:30:14 PM,72.78404919,OK,56.03583317,OK,0,OK
 8/21/2018  3:31:14 PM,72.78191814,OK,56.00009165,OK,0,OK
 8/21/2018  3:32:14 PM,72.77470169,OK,55.97667435,OK,0,OK
 8/21/2018  3:33:14 PM,72.7776062,OK,55.9726604,OK,0,OK
 8/21/2018  3:34:14 PM,72.76754948,OK,55.98051613,OK,0,OK
 8/21/2018  3:35:14 PM,72.76782421,OK,55.97965679,OK,0,OK
 8/21/2018  3:36:14 PM,72.77740064,OK,55.98214647,OK,0,OK
 8/21/2018  3:37:14 PM,72.78291361,OK,56.00081828,OK,0,OK
 8/21/2018  3:38:14 PM,72.79580105,OK,56.02356908,OK,0,OK
 8/21/2018  3:39:14 PM,72.79889933,OK,56.03625674,OK,0,OK
 8/21/2018  3:40:14 PM,72.79846298,OK,56.03464673,OK,0,OK
 8/21/2018  3:41:14 PM,72.79794377,OK,55.99840894,OK,0,OK
 8/21/2018  3:42:14 PM,72.79627442,OK,55.98712411,OK,0,OK
 8/21/2018  3:43:14 PM,72.79407873,OK,55.99058808,OK,0,OK
 8/21/2018  3:44:14 PM,72.79237658,OK,55.98897619,OK,0,OK
 8/21/2018  3:45:14 PM,72.79091763,OK,56.00317772,OK,0,OK
 8/21/2018  3:46:14 PM,72.80303151,OK,56.02774032,OK,0,OK
 8/21/2018  3:47:14 PM,72.81535319,OK,56.03236518,OK,0,OK
 8/21/2018  3:48:14 PM,72.81577671,OK,56.01973306,OK,0,OK
 8/21/2018  3:49:14 PM,72.82734289,OK,56.01529279,OK,0,OK
 8/21/2018  3:50:14 PM,72.83840528,OK,56.00767517,OK,0,OK
 8/21/2018  3:51:14 PM,72.84761834,OK,56.02596383,OK,0,OK
 8/21/2018  3:52:14 PM,72.85387101,OK,56.05946924,OK,0,OK
 8/21/2018  3:53:14 PM,72.86369505,OK,56.05875031,OK,0,OK
 8/21/2018  3:54:14 PM,72.87393843,OK,56.05870625,OK,0,OK
 8/21/2018  3:55:14 PM,72.8836215,OK,56.06823308,OK,0,OK
 8/21/2018  3:56:14 PM,72.89111576,OK,56.08352458,OK,0,OK
 8/21/2018  3:57:14 PM,72.89515435,OK,56.07561824,OK,0,OK
 8/21/2018  3:58:14 PM,72.88966072,OK,56.05949257,OK,0,OK
 8/21/2018  3:59:14 PM,72.89018749,OK,56.04255409,OK,0,OK
 8/21/2018  4:00:14 PM,72.88939975,OK,56.02371306,OK,0,OK
 8/21/2018  4:01:14 PM,72.90737707,OK,56.03590997,OK,0,OK
 8/21/2018  4:02:14 PM,72.92338516,OK,56.05089769,OK,0,OK
 8/21/2018  4:03:14 PM,72.9313307,OK,56.05877674,OK,0,OK
 8/21/2018  4:04:14 PM,72.92102211,OK,56.06316363,OK,0,OK
 8/21/2018  4:05:14 PM,72.93019501,OK,56.05957115,OK,0,OK
 8/21/2018  4:06:14 PM,72.94082845,OK,56.03345593,OK,0,OK
 8/21/2018  4:07:14 PM,72.94077562,OK,56.02777931,OK,0,OK
 8/21/2018  4:08:14 PM,72.94776972,OK,56.0331243,OK,0,OK
 8/21/2018  4:09:14 PM,72.96096725,OK,56.05010268,OK,0,OK
 8/21/2018  4:10:14 PM,72.96299777,OK,56.07848256,OK,0,OK
 8/21/2018  4:11:14 PM,72.95457719,OK,56.09899738,OK,0,OK
 8/21/2018  4:12:14 PM,72.96057437,OK,56.09003155,OK,0,OK
 8/21/2018  4:13:14 PM,72.95776262,OK,56.07302279,OK,0,OK
 8/21/2018  4:14:14 PM,72.95833313,OK,56.06351941,OK,0,OK
 8/21/2018  4:15:14 PM,72.96603556,OK,56.08375415,OK,0,OK
 8/21/2018  4:16:14 PM,72.97500203,OK,56.11994127,OK,0,OK
 8/21/2018  4:17:14 PM,72.97818335,OK,56.12779867,OK,0,OK
 8/21/2018  4:18:14 PM,72.97671296,OK,56.10390062,OK,0,OK
 8/21/2018  4:19:14 PM,72.99349615,OK,56.08842964,OK,0,OK
 8/21/2018  4:20:14 PM,73.00602829,OK,56.06886945,OK,0,OK
 8/21/2018  4:21:14 PM,73.02113393,OK,56.02530743,OK,0,OK
 8/21/2018  4:22:14 PM,73.02724889,OK,55.98560872,OK,0,OK
 8/21/2018  4:23:14 PM,73.01976368,OK,55.97738183,OK,0,OK
 8/21/2018  4:24:14 PM,73.0221711,OK,55.98533746,OK,0,OK
 8/21/2018  4:25:14 PM,73.02412357,OK,56.00852393,OK,0,OK
 8/21/2018  4:26:14 PM,73.02585964,OK,56.03723143,OK,0,OK
 8/21/2018  4:27:14 PM,73.03032386,OK,56.0835936,OK,0,OK
 8/21/2018  4:28:14 PM,73.03393752,OK,56.09183864,OK,0,OK
 8/21/2018  4:29:14 PM,73.04068103,OK,56.06533035,OK,0,OK
 8/21/2018  4:30:14 PM,73.0568669,OK,56.02711763,OK,0,OK
 8/21/2018  4:31:14 PM,73.07357297,OK,55.98248272,OK,0,OK
 8/21/2018  4:32:14 PM,73.08486934,OK,55.95383732,OK,0,OK
 8/21/2018  4:33:14 PM,73.07890333,OK,55.95390066,OK,0,OK
 8/21/2018  4:34:14 PM,73.0837753,OK,55.96168472,OK,0,OK
 8/21/2018  4:35:14 PM,73.09777339,OK,55.96739346,OK,0,OK
 8/21/2018  4:36:14 PM,73.10801411,OK,55.96401804,OK,0,OK
 8/21/2018  4:37:14 PM,73.11809025,OK,55.95693005,OK,0,OK
 8/21/2018  4:38:14 PM,73.12219168,OK,55.97156835,OK,0,OK
 8/21/2018  4:39:14 PM,73.11926467,OK,55.99223247,OK,0,OK
 8/21/2018  4:40:14 PM,73.11349974,OK,55.99145506,OK,0,OK
 8/21/2018  4:41:14 PM,73.12408096,OK,56.00362686,OK,0,OK
 8/21/2018  4:42:14 PM,73.13925212,OK,56.02504508,OK,0,OK
 8/21/2018  4:43:14 PM,73.14793035,OK,56.02503201,OK,0,OK
 8/21/2018  4:44:14 PM,73.14019384,OK,56.00620599,OK,0,OK
 8/21/2018  4:45:14 PM,73.13164868,OK,56.02506148,OK,0,OK
 8/21/2018  4:46:14 PM,73.13016466,OK,56.04841286,OK,0,OK
 8/21/2018  4:47:14 PM,73.13964173,OK,56.04243385,OK,0,OK
 8/21/2018  4:48:14 PM,73.15096478,OK,56.03809811,OK,0,OK
 8/21/2018  4:49:14 PM,73.16917063,OK,55.99762114,OK,0,OK
 8/21/2018  4:50:14 PM,73.19963172,OK,55.92219009,OK,0,OK
 8/21/2018  4:51:14 PM,73.19879494,OK,55.89497932,OK,0,OK
 8/21/2018  4:52:14 PM,73.19689393,OK,55.88117638,OK,0,OK
 8/21/2018  4:53:14 PM,73.20564594,OK,55.8606009,OK,0,OK
 8/21/2018  4:54:14 PM,73.19916671,OK,55.88077812,OK,0,OK
 8/21/2018  4:55:14 PM,73.20380907,OK,55.90896826,OK,0,OK
 8/21/2018  4:56:14 PM,73.21035674,OK,55.92195996,OK,0,OK
 8/21/2018  4:57:14 PM,73.22903771,OK,55.94120584,OK,0,OK
 8/21/2018  4:58:14 PM,73.23847793,OK,55.93345367,OK,0,OK
 8/21/2018  4:59:14 PM,73.2319393,OK,55.90277274,OK,0,OK
 8/21/2018  5:00:14 PM,73.22806635,OK,55.89254371,OK,0,OK
 8/21/2018  5:01:14 PM,73.25297397,OK,55.86617659,OK,0,OK
 8/21/2018  5:02:14 PM,73.27679765,OK,55.83079975,OK,0,OK
 8/21/2018  5:03:14 PM,73.29104897,OK,55.80683827,OK,0,OK
 8/21/2018  5:04:14 PM,73.30593306,OK,55.85302164,OK,0,OK
 8/21/2018  5:05:14 PM,73.31561365,OK,55.87616106,OK,0,OK
 8/21/2018  5:06:14 PM,73.32031709,OK,55.84828272,OK,0,OK
 8/21/2018  5:07:14 PM,73.31994481,OK,55.8562143,OK,0,OK
 8/21/2018  5:08:14 PM,73.32815177,OK,55.86451362,OK,0,OK
 8/21/2018  5:09:14 PM,73.33607375,OK,55.86875426,OK,0,OK
 8/21/2018  5:10:14 PM,73.33806976,OK,55.90884131,OK,0,OK
 8/21/2018  5:11:14 PM,73.34726478,OK,55.99688056,OK,0,OK
 8/21/2018  5:12:14 PM,73.34962751,OK,56.0476985,OK,0,OK
 8/21/2018  5:13:14 PM,73.36023444,OK,56.04878208,OK,0,OK
 8/21/2018  5:14:14 PM,73.36976913,OK,56.0596148,OK,0,OK
 8/21/2018  5:15:14 PM,73.37099919,OK,56.07074078,OK,0,OK
 8/21/2018  5:16:14 PM,73.3688852,OK,56.04811276,OK,0,OK
 8/21/2018  5:17:14 PM,73.3681078,OK,56.04236622,OK,0,OK
 8/21/2018  5:18:14 PM,73.37864772,OK,56.0352609,OK,0,OK
 8/21/2018  5:19:14 PM,73.3870197,OK,56.02387759,OK,0,OK
 8/21/2018  5:20:14 PM,73.39280038,OK,56.03656809,OK,0,OK
 8/21/2018  5:21:14 PM,73.40495871,OK,56.04098112,OK,0,OK
 8/21/2018  5:22:14 PM,73.4068749,OK,56.03563183,OK,0,OK
 8/21/2018  5:23:14 PM,73.41346663,OK,56.03767026,OK,0,OK
 8/21/2018  5:24:14 PM,73.4130518,OK,56.04217173,OK,0,OK
 8/21/2018  5:25:14 PM,73.4191977,OK,56.0359087,OK,0,OK
 8/21/2018  5:26:14 PM,73.42513863,OK,56.01745675,OK,0,OK
 8/21/2018  5:27:14 PM,73.42726583,OK,56.01019931,OK,0,OK
 8/21/2018  5:28:14 PM,73.42220208,OK,55.9992654,OK,0,OK
 8/21/2018  5:29:14 PM,73.41395411,OK,56.00556456,OK,0,OK
 8/21/2018  5:30:14 PM,73.4178347,OK,56.0160754,OK,0,OK
 8/21/2018  5:31:14 PM,73.42031047,OK,56.01765006,OK,0,OK
 8/21/2018  5:32:14 PM,73.40829762,OK,56.03225355,OK,0,OK
 8/21/2018  5:33:14 PM,73.40886768,OK,56.03828238,OK,0,OK
 8/21/2018  5:34:14 PM,73.43552534,OK,56.0655434,OK,0,OK
 8/21/2018  5:35:14 PM,73.4569029,OK,56.07911897,OK,0,OK
 8/21/2018  5:36:14 PM,73.44705297,OK,56.0796837,OK,0,OK
 8/21/2018  5:37:14 PM,73.43962053,OK,56.04828895,OK,0,OK
 8/21/2018  5:38:14 PM,73.43543148,OK,56.02902268,OK,0,OK
 8/21/2018  5:39:14 PM,73.43390339,OK,56.02780323,OK,0,OK
 8/21/2018  5:40:14 PM,73.42251892,OK,56.02321173,OK,0,OK
 8/21/2018  5:41:14 PM,73.41056557,OK,56.01781316,OK,0,OK
 8/21/2018  5:42:14 PM,73.40290319,OK,56.01339917,OK,0,OK
 8/21/2018  5:43:14 PM,73.40052648,OK,55.99420953,OK,0,OK
 8/21/2018  5:44:14 PM,73.3910144,OK,55.97075507,OK,0,OK
 8/21/2018  5:45:14 PM,73.3984149,OK,55.94677046,OK,0,OK
 8/21/2018  5:46:14 PM,73.41136767,OK,55.87629071,OK,0,OK
 8/21/2018  5:47:14 PM,73.40986223,OK,55.79066176,OK,0,OK
 8/21/2018  5:48:14 PM,73.41078108,OK,55.7422492,OK,0,OK
 8/21/2018  5:49:14 PM,73.41343376,OK,55.75505408,OK,0,OK
 8/21/2018  5:50:14 PM,73.43288096,OK,55.76399608,OK,0,OK
 8/21/2018  5:51:14 PM,73.44648399,OK,55.82017884,OK,0,OK
 8/21/2018  5:52:14 PM,73.44878928,OK,55.86407778,OK,0,OK
 8/21/2018  5:53:14 PM,73.45245096,OK,55.88035297,OK,0,OK
 8/21/2018  5:54:14 PM,73.45878162,OK,55.8891493,OK,0,OK
 8/21/2018  5:55:14 PM,73.45454094,OK,55.8767591,OK,0,OK
 8/21/2018  5:56:14 PM,73.45632656,OK,55.86820167,OK,0,OK
 8/21/2018  5:57:14 PM,73.46157293,OK,55.88608254,OK,0,OK
 8/21/2018  5:58:14 PM,73.46058717,OK,55.89570804,OK,0,OK
 8/21/2018  5:59:14 PM,73.45280895,OK,55.90087004,OK,0,OK
 8/21/2018  6:00:14 PM,73.44808755,OK,55.92606088,OK,0,OK
 8/21/2018  6:01:14 PM,73.43473274,OK,55.95336657,OK,0,OK
 8/21/2018  6:02:14 PM,73.43930117,OK,55.95111321,OK,0,OK
 8/21/2018  6:03:14 PM,73.44057914,OK,55.93842117,OK,0,OK
 8/21/2018  6:04:14 PM,73.4331687,OK,55.92067103,OK,0,OK
 8/21/2018  6:05:14 PM,73.41649415,OK,55.92678164,OK,0,OK
 8/21/2018  6:06:14 PM,73.40408813,OK,55.94250302,OK,0,OK
 8/21/2018  6:07:14 PM,73.38746883,OK,55.96645266,OK,0,OK
 8/21/2018  6:08:14 PM,73.37605114,OK,55.96885265,OK,0,OK
 8/21/2018  6:09:14 PM,73.36441075,OK,55.98275037,OK,0,OK
 8/21/2018  6:10:14 PM,73.36176403,OK,55.99787798,OK,0,OK
 8/21/2018  6:11:14 PM,73.37288632,OK,56.01622442,OK,0,OK
 8/21/2018  6:12:14 PM,73.37674392,OK,56.03613626,OK,0,OK
 8/21/2018  6:13:14 PM,73.37119255,OK,56.04604719,OK,0,OK
 8/21/2018  6:14:14 PM,73.34902129,OK,56.05172604,OK,0,OK
 8/21/2018  6:15:14 PM,73.32936641,OK,56.04606215,OK,0,OK
 8/21/2018  6:16:14 PM,73.31645745,OK,56.03360445,OK,0,OK
 8/21/2018  6:17:14 PM,73.2986128,OK,56.00945795,OK,0,OK
 8/21/2018  6:18:14 PM,73.27570348,OK,55.97917137,OK,0,OK
 8/21/2018  6:19:14 PM,73.27472388,OK,55.96858476,OK,0,OK
 8/21/2018  6:20:14 PM,73.28078823,OK,55.97448858,OK,0,OK
 8/21/2018  6:21:14 PM,73.2755041,OK,55.97866081,OK,0,OK
 8/21/2018  6:22:14 PM,73.27179231,OK,55.98508286,OK,0,OK
 8/21/2018  6:23:14 PM,73.25391343,OK,55.98804913,OK,0,OK
 8/21/2018  6:24:14 PM,73.2378154,OK,55.97613343,OK,0,OK
 8/21/2018  6:25:14 PM,73.22934055,OK,55.96047695,OK,0,OK
 8/21/2018  6:26:14 PM,73.21455739,OK,55.95657619,OK,0,OK
 8/21/2018  6:27:14 PM,73.21198117,OK,56.00688138,OK,0,OK
 8/21/2018  6:28:14 PM,73.20575636,OK,56.07943047,OK,0,OK
 8/21/2018  6:29:14 PM,73.19588195,OK,56.11967192,OK,0,OK
 8/21/2018  6:30:14 PM,73.17923431,OK,56.11265472,OK,0,OK
 8/21/2018  6:31:14 PM,73.17956077,OK,56.08950675,OK,0,OK
 8/21/2018  6:32:14 PM,73.17635585,OK,56.04307059,OK,0,OK
 8/21/2018  6:33:14 PM,73.17151292,OK,55.97268867,OK,0,OK
 8/21/2018  6:34:14 PM,73.15776833,OK,55.92275055,OK,0,OK
 8/21/2018  6:35:14 PM,73.15211442,OK,55.90498346,OK,0,OK
 8/21/2018  6:36:14 PM,73.1458793,OK,55.9325846,OK,0,OK
 8/21/2018  6:37:14 PM,73.13222507,OK,55.97624586,OK,0,OK
 8/21/2018  6:38:14 PM,73.11619716,OK,56.00147994,OK,0,OK
 8/21/2018  6:39:14 PM,73.10339588,OK,56.02548283,OK,0,OK
 8/21/2018  6:40:14 PM,73.09179246,OK,56.0237834,OK,0,OK
 8/21/2018  6:41:14 PM,73.06260684,OK,56.02757444,OK,0,OK
 8/21/2018  6:42:14 PM,73.05777221,OK,56.03902814,OK,0,OK
 8/21/2018  6:43:14 PM,73.08177517,OK,56.0056625,OK,0,OK
 8/21/2018  6:44:14 PM,73.08028439,OK,55.92083124,OK,0,OK
 8/21/2018  6:45:14 PM,73.06496522,OK,55.87073384,OK,0,OK
 8/21/2018  6:46:14 PM,73.04160244,OK,55.85603045,OK,0,OK
 8/21/2018  6:47:14 PM,73.0174521,OK,55.85920924,OK,0,OK
 8/21/2018  6:48:14 PM,73.00542757,OK,55.88405122,OK,0,OK
 8/21/2018  6:49:14 PM,72.98871462,OK,55.91864643,OK,0,OK
 8/21/2018  6:50:14 PM,72.96128416,OK,55.95040533,OK,0,OK
 8/21/2018  6:51:14 PM,72.93523788,OK,55.95007866,OK,0,OK
 8/21/2018  6:52:14 PM,72.9143009,OK,55.93788258,OK,0,OK
 8/21/2018  6:53:14 PM,72.88237708,OK,55.92402069,OK,0,OK
 8/21/2018  6:54:14 PM,72.86073457,OK,55.91072628,OK,0,OK
 8/21/2018  6:55:14 PM,72.839535,OK,55.87490203,OK,0,OK
 8/21/2018  6:56:14 PM,72.81926632,OK,55.84755325,OK,0,OK
 8/21/2018  6:57:14 PM,72.8019766,OK,55.83637837,OK,0,OK
 8/21/2018  6:58:14 PM,72.78362662,OK,55.83161106,OK,0,OK
 8/21/2018  6:59:14 PM,72.76057916,OK,55.82589383,OK,0,OK
 8/21/2018  7:00:14 PM,72.7418431,OK,55.77495953,OK,0,OK
 8/21/2018  7:01:14 PM,72.78649486,OK,55.6839794,OK,0,OK
 8/21/2018  7:02:14 PM,72.83128111,OK,55.74085638,OK,0,OK
 8/21/2018  7:03:14 PM,72.87396348,OK,55.92516317,OK,0,OK
 8/21/2018  7:04:14 PM,72.86283253,OK,56.32659009,OK,0,OK
 8/21/2018  7:05:14 PM,72.8172699,OK,56.69842946,OK,0,OK
 8/21/2018  7:06:14 PM,72.7737916,OK,57.25496017,OK,0,OK
 8/21/2018  7:07:14 PM,72.73656821,OK,57.98653318,OK,0,OK
 8/21/2018  7:08:14 PM,72.70058535,OK,58.6269445,OK,0,OK
 8/21/2018  7:09:14 PM,72.66326275,OK,59.24795072,OK,0,OK
 8/21/2018  7:10:14 PM,72.61987791,OK,60.07626927,OK,0,OK
 8/21/2018  7:11:14 PM,72.5803575,OK,60.60438654,OK,0,OK
 8/21/2018  7:12:14 PM,72.53748786,OK,61.07359282,OK,0,OK
 8/21/2018  7:13:14 PM,72.49700486,OK,61.50238859,OK,0,OK
 8/21/2018  7:14:14 PM,72.4628626,OK,61.81834293,OK,0,OK
 8/21/2018  7:15:14 PM,72.41752003,OK,62.12817496,OK,0,OK
 8/21/2018  7:16:14 PM,72.38067683,OK,62.45693609,OK,0,OK
 8/21/2018  7:17:14 PM,72.35300218,OK,62.80496677,OK,0,OK
 8/21/2018  7:18:14 PM,72.31466521,OK,63.11626309,OK,0,OK
 8/21/2018  7:19:14 PM,72.28257662,OK,63.33879523,OK,0,OK
 8/21/2018  7:20:14 PM,72.24136424,OK,63.51371457,OK,0,OK
 8/21/2018  7:21:14 PM,72.20830749,OK,63.66735468,OK,0,OK
 8/21/2018  7:22:14 PM,72.16993394,OK,63.86325823,OK,0,OK
 8/21/2018  7:23:14 PM,72.1297225,OK,64.01932837,OK,0,OK
 8/21/2018  7:24:14 PM,72.06973637,OK,64.17256392,OK,0,OK
 8/21/2018  7:25:14 PM,72.02344232,OK,64.35301134,OK,0,OK
 8/21/2018  7:26:14 PM,71.98212578,OK,64.53081477,OK,0,OK
 8/21/2018  7:27:14 PM,71.95279088,OK,64.70384738,OK,0,OK
 8/21/2018  7:28:14 PM,71.91582494,OK,64.8329953,OK,0,OK
 8/21/2018  7:29:14 PM,71.86842378,OK,64.92263757,OK,0,OK
 8/21/2018  7:30:14 PM,71.80839669,OK,65.03640993,OK,0,OK
 8/21/2018  7:31:14 PM,71.75131694,OK,65.13429478,OK,0,OK
 8/21/2018  7:32:14 PM,71.70481434,OK,65.21524534,OK,0,OK
 8/21/2018  7:33:14 PM,71.67016257,OK,65.31505714,OK,0,OK
 8/21/2018  7:34:14 PM,71.65396805,OK,65.43880046,OK,0,OK
 8/21/2018  7:35:14 PM,71.64300825,OK,65.53473543,OK,0,OK
 8/21/2018  7:36:14 PM,71.61729426,OK,65.60615621,OK,0,OK
 8/21/2018  7:37:14 PM,71.58580988,OK,65.70313511,OK,0,OK
 8/21/2018  7:38:14 PM,71.55696357,OK,65.76219985,OK,0,OK
 8/21/2018  7:39:14 PM,71.52462289,OK,65.84135512,OK,0,OK
 8/21/2018  7:40:14 PM,71.4931386,OK,65.94839071,OK,0,OK
 8/21/2018  7:41:14 PM,71.45888275,OK,66.12063147,OK,0,OK
 8/21/2018  7:42:14 PM,71.42849191,OK,66.29523172,OK,0,OK
 8/21/2018  7:43:14 PM,71.4045814,OK,66.46059739,OK,0,OK
 8/21/2018  7:44:14 PM,71.37600875,OK,66.51693247,OK,0,OK
 8/21/2018  7:45:14 PM,71.34025419,OK,66.57640278,OK,0,OK
 8/21/2018  7:46:14 PM,71.30540108,OK,66.56199638,OK,0,OK
 8/21/2018  7:47:14 PM,71.25738505,OK,66.59997691,OK,0,OK
 8/21/2018  7:48:14 PM,71.19607335,OK,66.62134627,OK,0,OK
 8/21/2018  7:49:14 PM,71.14889362,OK,66.64286238,OK,0,OK
 8/21/2018  7:50:14 PM,71.09968023,OK,66.6916033,OK,0,OK
 8/21/2018  7:51:14 PM,71.06164915,OK,66.75581332,OK,0,OK
 8/21/2018  7:52:14 PM,71.03547417,OK,66.80618485,OK,0,OK
 8/21/2018  7:53:14 PM,71.02392236,OK,66.78746538,OK,0,OK
 8/21/2018  7:54:14 PM,71.01617122,OK,66.80835764,OK,0,OK
 8/21/2018  7:55:14 PM,71.01253826,OK,66.8247743,OK,0,OK
 8/21/2018  7:56:14 PM,71.01156422,OK,66.87763653,OK,0,OK
 8/21/2018  7:57:14 PM,71.01506756,OK,66.9686289,OK,0,OK
 8/21/2018  7:58:14 PM,71.00785499,OK,67.07069561,OK,0,OK
 8/21/2018  7:59:14 PM,70.98318485,OK,67.17147171,OK,0,OK
 8/21/2018  8:00:14 PM,70.94378448,OK,67.21887542,OK,0,OK
 8/21/2018  8:01:14 PM,70.90496319,OK,67.2322508,OK,0,OK
 8/21/2018  8:02:14 PM,70.87529241,OK,67.25352181,OK,0,OK
 8/21/2018  8:03:14 PM,70.83433547,OK,67.3003998,OK,0,OK
 8/21/2018  8:04:14 PM,70.79590755,OK,67.29314671,OK,0,OK
 8/21/2018  8:05:14 PM,70.77269048,OK,67.29356678,OK,0,OK
 8/21/2018  8:06:14 PM,70.72750115,OK,67.37088081,OK,0,OK
 8/21/2018  8:07:14 PM,70.68239187,OK,67.41568883,OK,0,OK
 8/21/2018  8:08:14 PM,70.64579404,OK,67.45281334,OK,0,OK
 8/21/2018  8:09:14 PM,70.61559699,OK,67.52243361,OK,0,OK
 8/21/2018  8:10:14 PM,70.57718987,OK,67.625811,OK,0,OK
 8/21/2018  8:11:14 PM,70.55002144,OK,67.6798227,OK,0,OK
 8/21/2018  8:12:14 PM,70.53119866,OK,67.72045533,OK,0,OK
 8/21/2018  8:13:14 PM,70.51240107,OK,67.74316572,OK,0,OK
 8/21/2018  8:14:14 PM,70.49261627,OK,67.7493789,OK,0,OK
 8/21/2018  8:15:14 PM,70.50353592,OK,67.74153482,OK,0,OK
 8/21/2018  8:16:14 PM,70.52150861,OK,67.73412709,OK,0,OK
 8/21/2018  8:17:14 PM,70.52459083,OK,67.78493036,OK,0,OK
 8/21/2018  8:18:14 PM,70.51605163,OK,67.84643598,OK,0,OK
 8/21/2018  8:19:14 PM,70.49656906,OK,67.88589017,OK,0,OK
 8/21/2018  8:20:14 PM,70.4713306,OK,67.89525297,OK,0,OK
 8/21/2018  8:21:14 PM,70.43433825,OK,67.93859032,OK,0,OK
 8/21/2018  8:22:14 PM,70.39769524,OK,67.98371119,OK,0,OK
 8/21/2018  8:23:14 PM,70.36720249,OK,68.0260742,OK,0,OK
 8/21/2018  8:24:14 PM,70.3400713,OK,68.08386412,OK,0,OK
 8/21/2018  8:25:14 PM,70.3130356,OK,68.12350556,OK,0,OK
 8/21/2018  8:26:14 PM,70.28929083,OK,68.13873167,OK,0,OK
 8/21/2018  8:27:14 PM,70.2736465,OK,68.1373765,OK,0,OK
 8/21/2018  8:28:14 PM,70.25146624,OK,68.13142449,OK,0,OK
 8/21/2018  8:29:14 PM,70.22842724,OK,68.12171315,OK,0,OK
 8/21/2018  8:30:14 PM,70.2028635,OK,68.13401618,OK,0,OK
 8/21/2018  8:31:14 PM,70.1763885,OK,68.13600726,OK,0,OK
 8/21/2018  8:32:14 PM,70.1543433,OK,68.13517202,OK,0,OK
 8/21/2018  8:33:14 PM,70.15493498,OK,68.12527464,OK,0,OK
 8/21/2018  8:34:14 PM,70.13586766,OK,68.10840898,OK,0,OK
 8/21/2018  8:35:14 PM,70.09392031,OK,68.13950663,OK,0,OK
 8/21/2018  8:36:14 PM,70.04675813,OK,68.1595437,OK,0,OK
 8/21/2018  8:37:14 PM,70.01091048,OK,68.18042633,OK,0,OK
 8/21/2018  8:38:14 PM,69.98082352,OK,68.18411959,OK,0,OK
 8/21/2018  8:39:14 PM,69.9662471,OK,68.20070141,OK,0,OK
 8/21/2018  8:40:14 PM,69.95956319,OK,68.22238727,OK,0,OK
 8/21/2018  8:41:14 PM,69.94003779,OK,68.23439013,OK,0,OK
 8/21/2018  8:42:14 PM,69.91251415,OK,68.22530007,OK,0,OK
 8/21/2018  8:43:14 PM,69.88066408,OK,68.27424274,OK,0,OK
 8/21/2018  8:44:14 PM,69.8430452,OK,68.34405727,OK,0,OK
 8/21/2018  8:45:14 PM,69.81213255,OK,68.40119462,OK,0,OK
 8/21/2018  8:46:14 PM,69.78731551,OK,68.42326153,OK,0,OK
 8/21/2018  8:47:14 PM,69.76356243,OK,68.41179554,OK,0,OK
 8/21/2018  8:48:14 PM,69.73425525,OK,68.42214824,OK,0,OK
 8/21/2018  8:49:14 PM,69.70245763,OK,68.43299262,OK,0,OK
 8/21/2018  8:50:14 PM,69.68726322,OK,68.41857724,OK,0,OK
 8/21/2018  8:51:14 PM,69.66795944,OK,68.43940207,OK,0,OK
 8/21/2018  8:52:14 PM,69.64002646,OK,68.45609601,OK,0,OK
 8/21/2018  8:53:14 PM,69.61039023,OK,68.44724851,OK,0,OK
 8/21/2018  8:54:14 PM,69.58725317,OK,68.48111553,OK,0,OK
 8/21/2018  8:55:14 PM,69.57004027,OK,68.54399083,OK,0,OK
 8/21/2018  8:56:14 PM,69.54331381,OK,68.57574363,OK,0,OK
 8/21/2018  8:57:14 PM,69.52646124,OK,68.58718154,OK,0,OK
 8/21/2018  8:58:14 PM,69.508097,OK,68.58978324,OK,0,OK
 8/21/2018  8:59:14 PM,69.48286091,OK,68.58425107,OK,0,OK
 8/21/2018  9:00:14 PM,69.45347409,OK,68.55787881,OK,0,OK
 8/21/2018  9:01:14 PM,69.41164675,OK,68.55132078,OK,0,OK
 8/21/2018  9:02:14 PM,69.3733626,OK,68.54259679,OK,0,OK
 8/21/2018  9:03:14 PM,69.34363408,OK,68.54124077,OK,0,OK
 8/21/2018  9:04:14 PM,69.30819604,OK,68.53735164,OK,0,OK
 8/21/2018  9:05:14 PM,69.33601386,OK,68.52251256,OK,0,OK
 8/21/2018  9:06:14 PM,69.64523581,OK,68.4565958,OK,0,OK
 8/21/2018  9:07:14 PM,70.06465963,OK,68.38041329,OK,0,OK
 8/21/2018  9:08:14 PM,70.46331264,OK,68.30208964,OK,0,OK
 8/21/2018  9:09:14 PM,70.7992094,OK,68.23052537,OK,0,OK
 8/21/2018  9:10:14 PM,71.11065569,OK,68.15803124,OK,0,OK
 8/21/2018  9:11:14 PM,71.33843607,OK,68.10180869,OK,0,OK
 8/21/2018  9:12:14 PM,71.55468079,OK,68.05922837,OK,0,OK
 8/21/2018  9:13:14 PM,71.7224723,OK,68.01780969,OK,0,OK
 8/21/2018  9:14:14 PM,71.86376653,OK,67.99742993,OK,0,OK
 8/21/2018  9:15:14 PM,71.9480604,OK,67.98871082,OK,0,OK
 8/21/2018  9:16:14 PM,72.03339737,OK,67.98000021,OK,0,OK
 8/21/2018  9:17:14 PM,72.11620227,OK,67.96926866,OK,0,OK
 8/21/2018  9:18:14 PM,72.18813972,OK,67.96449507,OK,0,OK
 8/21/2018  9:19:14 PM,72.23692822,OK,67.96892935,OK,0,OK
 8/21/2018  9:20:14 PM,72.28239454,OK,67.96328446,OK,0,OK
 8/21/2018  9:21:14 PM,72.33631695,OK,67.95770717,OK,0,OK
 8/21/2018  9:22:14 PM,72.38152103,OK,67.95809229,OK,0,OK
 8/21/2018  9:23:14 PM,72.42321577,OK,67.96573408,OK,0,OK
 8/21/2018  9:24:14 PM,72.45634143,OK,67.97434519,OK,0,OK
 8/21/2018  9:25:14 PM,72.41587176,OK,67.9795512,OK,0,OK
 8/21/2018  9:26:14 PM,72.31565912,OK,68.01313775,OK,0,OK
 8/21/2018  9:27:14 PM,72.18866382,OK,68.05732037,OK,0,OK
 8/21/2018  9:28:14 PM,72.04813395,OK,68.10021915,OK,0,OK
 8/21/2018  9:29:14 PM,71.90897009,OK,68.13106054,OK,0,OK
 8/21/2018  9:30:14 PM,71.82261961,OK,68.14788402,OK,0,OK
 8/21/2018  9:31:14 PM,71.80040711,OK,68.15567792,OK,0,OK
 8/21/2018  9:32:14 PM,71.6973079,OK,68.17474798,OK,0,OK
 8/21/2018  9:33:14 PM,71.44447842,OK,68.20061156,OK,0,OK
 8/21/2018  9:34:14 PM,71.17287916,OK,68.234868,OK,0,OK
 8/21/2018  9:35:14 PM,70.9273544,OK,68.25821827,OK,0,OK
 8/21/2018  9:36:14 PM,70.7432855,OK,68.25980848,OK,0,OK
 8/21/2018  9:37:14 PM,70.58195864,OK,68.27434918,OK,0,OK
 8/21/2018  9:38:14 PM,70.42564743,OK,68.27239146,OK,0,OK
 8/21/2018  9:39:14 PM,70.28920076,OK,68.27031889,OK,0,OK
 8/21/2018  9:40:14 PM,70.176062,OK,68.27222489,OK,0,OK
 8/21/2018  9:41:14 PM,70.09138319,OK,68.26970534,OK,0,OK
 8/21/2018  9:42:14 PM,70.00656916,OK,68.26000147,OK,0,OK
 8/21/2018  9:43:14 PM,69.93051418,OK,68.25390625,OK,0,OK
 8/21/2018  9:44:14 PM,69.86425436,OK,68.26990061,OK,0,OK
 8/21/2018  9:45:14 PM,69.8186089,OK,68.29771145,OK,0,OK
 8/21/2018  9:46:14 PM,69.76206313,OK,68.30277479,OK,0,OK
 8/21/2018  9:47:14 PM,69.71399115,OK,68.28680065,OK,0,OK
 8/21/2018  9:48:14 PM,69.66626571,OK,68.28154677,OK,0,OK
 8/21/2018  9:49:14 PM,69.6250272,OK,68.27262607,OK,0,OK
 8/21/2018  9:50:14 PM,69.5827086,OK,68.24990081,OK,0,OK
 8/21/2018  9:51:14 PM,69.54367169,OK,68.2312226,OK,0,OK
 8/21/2018  9:52:14 PM,69.49396547,OK,68.21670958,OK,0,OK
 8/21/2018  9:53:14 PM,69.45133731,OK,68.2182646,OK,0,OK
 8/21/2018  9:54:14 PM,69.40539846,OK,68.22489769,OK,0,OK
 8/21/2018  9:55:14 PM,69.36532504,OK,68.21445077,OK,0,OK
 8/21/2018  9:56:14 PM,69.32936514,OK,68.21788162,OK,0,OK
 8/21/2018  9:57:14 PM,69.29844421,OK,68.21105207,OK,0,OK
 8/21/2018  9:58:14 PM,69.27490298,OK,68.22145303,OK,0,OK
 8/21/2018  9:59:14 PM,69.25320715,OK,68.22384451,OK,0,OK
 8/21/2018  10:00:14 PM,69.23072379,OK,68.21545308,OK,0,OK
 8/21/2018  10:01:14 PM,69.23152935,OK,68.20175465,OK,0,OK
 8/21/2018  10:02:14 PM,69.31278211,OK,68.18268592,OK,0,OK
 8/21/2018  10:03:14 PM,69.57126872,OK,68.15312742,OK,0,OK
 8/21/2018  10:04:14 PM,69.80899242,OK,68.14879057,OK,0,OK
 8/21/2018  10:05:14 PM,69.994969,OK,68.13663565,OK,0,OK
 8/21/2018  10:06:14 PM,70.1202757,OK,68.1374301,OK,0,OK
 8/21/2018  10:07:14 PM,70.23796385,OK,68.14402183,OK,0,OK
 8/21/2018  10:08:14 PM,70.35870654,OK,68.13292176,OK,0,OK
 8/21/2018  10:09:14 PM,70.42662621,OK,68.13165514,OK,0,OK
 8/21/2018  10:10:14 PM,70.48822826,OK,68.12881962,OK,0,OK
 8/21/2018  10:11:14 PM,70.52925932,OK,68.12051064,OK,0,OK
 8/21/2018  10:12:14 PM,70.54667075,OK,68.11252109,OK,0,OK
 8/21/2018  10:13:14 PM,70.56929,OK,68.09443585,OK,0,OK
 8/21/2018  10:14:14 PM,70.57884401,OK,68.06999979,OK,0,OK
 8/21/2018  10:15:14 PM,70.61607742,OK,68.06246185,OK,0,OK
 8/21/2018  10:16:14 PM,70.65854996,OK,68.05954568,OK,0,OK
 8/21/2018  10:17:14 PM,70.7010828,OK,68.05689508,OK,0,OK
 8/21/2018  10:18:14 PM,70.71464071,OK,68.05863986,OK,0,OK
 8/21/2018  10:19:14 PM,70.75240309,OK,68.04906675,OK,0,OK
 8/21/2018  10:20:14 PM,70.7933392,OK,68.0525476,OK,0,OK
 8/21/2018  10:21:14 PM,70.83499543,OK,68.05583709,OK,0,OK
 8/21/2018  10:22:14 PM,70.88636657,OK,68.06080766,OK,0,OK
 8/21/2018  10:23:14 PM,70.92951724,OK,68.06178711,OK,0,OK
 8/21/2018  10:24:14 PM,70.95934801,OK,68.04970471,OK,0,OK
 8/21/2018  10:25:14 PM,70.97654126,OK,68.05226316,OK,0,OK
 8/21/2018  10:26:14 PM,70.99536643,OK,68.04707584,OK,0,OK
 8/21/2018  10:27:14 PM,71.02408474,OK,68.04255102,OK,0,OK
 8/21/2018  10:28:14 PM,71.05004919,OK,68.04472005,OK,0,OK
 8/21/2018  10:29:14 PM,71.08268388,OK,68.02960054,OK,0,OK
 8/21/2018  10:30:14 PM,71.18932577,OK,68.02131071,OK,0,OK
 8/21/2018  10:31:14 PM,71.25994313,OK,68.00923333,OK,0,OK
 8/21/2018  10:32:14 PM,71.26719478,OK,68.00295162,OK,0,OK
 8/21/2018  10:33:14 PM,71.24352384,OK,68.00481822,OK,0,OK
 8/21/2018  10:34:14 PM,71.20245969,OK,68.01777741,OK,0,OK
 8/21/2018  10:35:14 PM,71.19047538,OK,68.0183507,OK,0,OK
 8/21/2018  10:36:14 PM,71.22791845,OK,68.01710744,OK,0,OK
 8/21/2018  10:37:14 PM,71.26161715,OK,68.01151171,OK,0,OK
 8/21/2018  10:38:14 PM,71.2699813,OK,68.01569645,OK,0,OK
 8/21/2018  10:39:14 PM,71.27948967,OK,68.02112069,OK,0,OK
 8/21/2018  10:40:14 PM,71.29716423,OK,68.03039713,OK,0,OK
 8/21/2018  10:41:14 PM,71.31702104,OK,68.03067621,OK,0,OK
 8/21/2018  10:42:14 PM,71.32186549,OK,68.02934972,OK,0,OK
 8/21/2018  10:43:14 PM,71.32152318,OK,68.03003815,OK,0,OK
 8/21/2018  10:44:14 PM,71.33453125,OK,68.02336211,OK,0,OK
 8/21/2018  10:45:14 PM,71.36427841,OK,68.0233487,OK,0,OK
 8/21/2018  10:46:14 PM,71.44480767,OK,68.02481251,OK,0,OK
 8/21/2018  10:47:14 PM,71.53127213,OK,68.02095927,OK,0,OK
 8/21/2018  10:48:14 PM,71.60945573,OK,68.0164355,OK,0,OK
 8/21/2018  10:49:14 PM,71.66399933,OK,68.01547659,OK,0,OK
 8/21/2018  10:50:14 PM,71.70079352,OK,68.01573633,OK,0,OK
 8/21/2018  10:51:14 PM,71.73852291,OK,68.01618388,OK,0,OK
 8/21/2018  10:52:14 PM,71.77093658,OK,68.01194661,OK,0,OK
 8/21/2018  10:53:14 PM,71.79512898,OK,68.00815608,OK,0,OK
 8/21/2018  10:54:14 PM,71.81289248,OK,67.99942892,OK,0,OK
 8/21/2018  10:55:14 PM,71.82059123,OK,67.9960316,OK,0,OK
 8/21/2018  10:56:14 PM,71.82802205,OK,67.99093383,OK,0,OK
 8/21/2018  10:57:14 PM,71.83440396,OK,67.99032663,OK,0,OK
 8/21/2018  10:58:14 PM,71.85022368,OK,67.98981476,OK,0,OK
 8/21/2018  10:59:14 PM,71.85070114,OK,67.98970997,OK,0,OK
 8/21/2018  11:00:14 PM,71.84282336,OK,67.99057611,OK,0,OK
 8/21/2018  11:01:14 PM,71.85245876,OK,67.99082923,OK,0,OK
 8/21/2018  11:02:14 PM,71.85713884,OK,67.9802365,OK,0,OK
 8/21/2018  11:03:14 PM,71.86607366,OK,67.97172499,OK,0,OK
 8/21/2018  11:04:14 PM,71.8628856,OK,67.97113546,OK,0,OK
 8/21/2018  11:05:14 PM,71.86171002,OK,67.96567748,OK,0,OK
 8/21/2018  11:06:14 PM,71.86718063,OK,67.96116026,OK,0,OK
 8/21/2018  11:07:14 PM,71.86861525,OK,67.95924233,OK,0,OK
 8/21/2018  11:08:14 PM,71.87620697,OK,67.96361265,OK,0,OK
 8/21/2018  11:09:14 PM,71.87705547,OK,67.96898279,OK,0,OK
 8/21/2018  11:10:14 PM,71.8631333,OK,67.9749835,OK,0,OK
 8/21/2018  11:11:14 PM,71.86251977,OK,67.97946132,OK,0,OK
 8/21/2018  11:12:14 PM,71.86287562,OK,67.98148228,OK,0,OK
 8/21/2018  11:13:14 PM,71.85771825,OK,67.98082747,OK,0,OK
 8/21/2018  11:14:14 PM,71.84022582,OK,67.97384421,OK,0,OK
 8/21/2018  11:15:14 PM,71.78660637,OK,67.95066781,OK,0,OK
 8/21/2018  11:16:14 PM,71.70091546,OK,67.9307223,OK,0,OK
 8/21/2018  11:17:14 PM,71.58553166,OK,67.91258868,OK,0,OK
 8/21/2018  11:18:14 PM,71.4645936,OK,67.90579548,OK,0,OK
 8/21/2018  11:19:14 PM,71.36482004,OK,67.89159215,OK,0,OK
 8/21/2018  11:20:14 PM,71.28027297,OK,67.871524,OK,0,OK
 8/21/2018  11:21:14 PM,71.19945811,OK,67.85763208,OK,0,OK
 8/21/2018  11:22:14 PM,71.11713931,OK,67.85755598,OK,0,OK
 8/21/2018  11:23:14 PM,71.04802303,OK,67.84369248,OK,0,OK
 8/21/2018  11:24:14 PM,71.01437232,OK,67.82775586,OK,0,OK
 8/21/2018  11:25:14 PM,70.99396482,OK,67.81569339,OK,0,OK
 8/21/2018  11:26:14 PM,70.97029257,OK,67.7908484,OK,0,OK
 8/21/2018  11:27:14 PM,70.9497269,OK,67.77211674,OK,0,OK
 8/21/2018  11:28:14 PM,70.94900808,OK,67.7576902,OK,0,OK
 8/21/2018  11:29:14 PM,70.94219569,OK,67.73932149,OK,0,OK
 8/21/2018  11:30:14 PM,70.94220206,OK,67.7259932,OK,0,OK
 8/21/2018  11:31:14 PM,70.93373723,OK,67.71439544,OK,0,OK
 8/21/2018  11:32:14 PM,70.91083128,OK,67.70175408,OK,0,OK
 8/21/2018  11:33:14 PM,70.86583481,OK,67.68637826,OK,0,OK
 8/21/2018  11:34:14 PM,70.80876835,OK,67.67665612,OK,0,OK
 8/21/2018  11:35:14 PM,70.75727486,OK,67.6716146,OK,0,OK
 8/21/2018  11:36:14 PM,70.73075692,OK,67.66380107,OK,0,OK
 8/21/2018  11:37:14 PM,70.70643215,OK,67.65049667,OK,0,OK
 8/21/2018  11:38:14 PM,70.67128867,OK,67.63129535,OK,0,OK
 8/21/2018  11:39:14 PM,70.64154544,OK,67.62644919,OK,0,OK
 8/21/2018  11:40:14 PM,70.60958951,OK,67.62358797,OK,0,OK
 8/21/2018  11:41:14 PM,70.56850953,OK,67.61115143,OK,0,OK
 8/21/2018  11:42:14 PM,70.52462414,OK,67.60151224,OK,0,OK
 8/21/2018  11:43:14 PM,70.48397535,OK,67.589383,OK,0,OK
 8/21/2018  11:44:14 PM,70.4633471,OK,67.57229519,OK,0,OK
 8/21/2018  11:45:14 PM,70.43954946,OK,67.56365363,OK,0,OK
 8/21/2018  11:46:14 PM,70.4264128,OK,67.55874653,OK,0,OK
 8/21/2018  11:47:14 PM,70.4179674,OK,67.56130269,OK,0,OK
 8/21/2018  11:48:14 PM,70.42154684,OK,67.55790968,OK,0,OK
 8/21/2018  11:49:14 PM,70.4257182,OK,67.56530797,OK,0,OK
 8/21/2018  11:50:14 PM,70.42792104,OK,67.56674902,OK,0,OK
 8/21/2018  11:51:14 PM,70.40635026,OK,67.56458157,OK,0,OK
 8/21/2018  11:52:14 PM,70.3905762,OK,67.5604025,OK,0,OK
 8/21/2018  11:53:14 PM,70.37663906,OK,67.564347,OK,0,OK
 8/21/2018  11:54:14 PM,70.38223812,OK,67.56653957,OK,0,OK
 8/21/2018  11:55:14 PM,70.38059711,OK,67.55452166,OK,0,OK
 8/21/2018  11:56:14 PM,70.37855682,OK,67.55024055,OK,0,OK
 8/21/2018  11:57:14 PM,70.37288726,OK,67.54520802,OK,0,OK
 8/21/2018  11:58:14 PM,70.34160565,OK,67.54725622,OK,0,OK
 8/21/2018  11:59:14 PM,70.30963291,OK,67.55116318,OK,0,OK
 8/22/2018  12:00:14 AM,70.28063569,OK,67.55782665,OK,0,OK
 8/22/2018  12:01:14 AM,70.26276108,OK,67.55464279,OK,0,OK
 8/22/2018  12:02:14 AM,70.24967542,OK,67.54660098,OK,0,OK
 8/22/2018  12:03:14 AM,70.25014977,OK,67.51165999,OK,0,OK
 8/22/2018  12:04:14 AM,70.25146856,OK,67.48946191,OK,0,OK
 8/22/2018  12:05:14 AM,70.24298053,OK,67.47868293,OK,0,OK
 8/22/2018  12:06:14 AM,70.22752263,OK,67.46515752,OK,0,OK
 8/22/2018  12:07:14 AM,70.19912761,OK,67.45291775,OK,0,OK
 8/22/2018  12:08:14 AM,70.1606973,OK,67.4390732,OK,0,OK
 8/22/2018  12:09:14 AM,70.1129292,OK,67.42626187,OK,0,OK
 8/22/2018  12:10:14 AM,70.08092507,OK,67.40700763,OK,0,OK
 8/22/2018  12:11:14 AM,70.04866034,OK,67.37476489,OK,0,OK
 8/22/2018  12:12:14 AM,70.02612575,OK,67.34907834,OK,0,OK
 8/22/2018  12:13:14 AM,69.99935215,OK,67.32958671,OK,0,OK
 8/22/2018  12:14:14 AM,69.98354506,OK,67.32033733,OK,0,OK
 8/22/2018  12:15:14 AM,69.96636384,OK,67.30480733,OK,0,OK
 8/22/2018  12:16:14 AM,69.96111061,OK,67.29278541,OK,0,OK
 8/22/2018  12:17:14 AM,69.96274522,OK,67.29075732,OK,0,OK
 8/22/2018  12:18:14 AM,69.96815664,OK,67.28764488,OK,0,OK
 8/22/2018  12:19:14 AM,69.96359105,OK,67.27926704,OK,0,OK
 8/22/2018  12:20:14 AM,69.94872704,OK,67.26473926,OK,0,OK
 8/22/2018  12:21:14 AM,69.93657937,OK,67.25046682,OK,0,OK
 8/22/2018  12:22:14 AM,69.93549584,OK,67.22159173,OK,0,OK
 8/22/2018  12:23:14 AM,69.9236417,OK,67.18814567,OK,0,OK
 8/22/2018  12:24:14 AM,69.90346096,OK,67.15848228,OK,0,OK
 8/22/2018  12:25:14 AM,69.87419326,OK,67.12960008,OK,0,OK
 8/22/2018  12:26:14 AM,69.83701913,OK,67.1206782,OK,0,OK
 8/22/2018  12:27:14 AM,69.80646003,OK,67.11743164,OK,0,OK
 8/22/2018  12:28:14 AM,69.76842129,OK,67.11908091,OK,0,OK
 8/22/2018  12:29:14 AM,69.71541351,OK,67.12545191,OK,0,OK
 8/22/2018  12:30:14 AM,69.67385453,OK,67.13049703,OK,0,OK
 8/22/2018  12:31:14 AM,69.64563338,OK,67.13576097,OK,0,OK
 8/22/2018  12:32:14 AM,69.62575674,OK,67.14001145,OK,0,OK
 8/22/2018  12:33:14 AM,69.62127984,OK,67.13718882,OK,0,OK
 8/22/2018  12:34:14 AM,69.62290878,OK,67.12949888,OK,0,OK
 8/22/2018  12:35:14 AM,69.64466742,OK,67.11884899,OK,0,OK
 8/22/2018  12:36:14 AM,69.64429471,OK,67.12879844,OK,0,OK
 8/22/2018  12:37:14 AM,69.62395544,OK,67.13543127,OK,0,OK
 8/22/2018  12:38:14 AM,69.61012319,OK,67.13515156,OK,0,OK
 8/22/2018  12:39:14 AM,69.60672824,OK,67.12001499,OK,0,OK
 8/22/2018  12:40:14 AM,69.64051517,OK,67.09346031,OK,0,OK
 8/22/2018  12:41:14 AM,69.70710357,OK,67.07815835,OK,0,OK
 8/22/2018  12:42:14 AM,69.76689481,OK,67.07049076,OK,0,OK
 8/22/2018  12:43:14 AM,69.80880672,OK,67.07126166,OK,0,OK
 8/22/2018  12:44:14 AM,69.7980937,OK,67.07113466,OK,0,OK
 8/22/2018  12:45:14 AM,69.7676998,OK,67.07497098,OK,0,OK
 8/22/2018  12:46:14 AM,69.73711642,OK,67.07747099,OK,0,OK
 8/22/2018  12:47:14 AM,69.71433846,OK,67.07366535,OK,0,OK
 8/22/2018  12:48:14 AM,69.68449283,OK,67.06683435,OK,0,OK
 8/22/2018  12:49:14 AM,69.63409689,OK,67.06699109,OK,0,OK
 8/22/2018  12:50:14 AM,69.5787799,OK,67.06349994,OK,0,OK
 8/22/2018  12:51:14 AM,69.53788748,OK,67.07128183,OK,0,OK
 8/22/2018  12:52:14 AM,69.51685093,OK,67.07000893,OK,0,OK
 8/22/2018  12:53:14 AM,69.50182066,OK,67.07659845,OK,0,OK
 8/22/2018  12:54:14 AM,69.51187846,OK,67.07444415,OK,0,OK
 8/22/2018  12:55:14 AM,69.54203245,OK,67.06222715,OK,0,OK
 8/22/2018  12:56:14 AM,69.56294045,OK,67.04787815,OK,0,OK
 8/22/2018  12:57:14 AM,69.55933452,OK,67.04818889,OK,0,OK
 8/22/2018  12:58:14 AM,69.52799691,OK,67.05867804,OK,0,OK
 8/22/2018  12:59:14 AM,69.51189602,OK,67.06243567,OK,0,OK
 8/22/2018  1:00:14 AM,69.53151202,OK,67.06332382,OK,0,OK
 8/22/2018  1:01:14 AM,69.55939441,OK,67.06450497,OK,0,OK
 8/22/2018  1:02:14 AM,69.55787525,OK,67.06560963,OK,0,OK
 8/22/2018  1:03:14 AM,69.56370835,OK,67.06539278,OK,0,OK
 8/22/2018  1:04:14 AM,69.5666468,OK,67.07252205,OK,0,OK
 8/22/2018  1:05:14 AM,69.55753883,OK,67.08355069,OK,0,OK
 8/22/2018  1:06:14 AM,69.5459396,OK,67.08537442,OK,0,OK
 8/22/2018  1:07:14 AM,69.53457486,OK,67.08273058,OK,0,OK
 8/22/2018  1:08:14 AM,69.49352349,OK,67.07848484,OK,0,OK
 8/22/2018  1:09:14 AM,69.44454098,OK,67.06953335,OK,0,OK
 8/22/2018  1:10:14 AM,69.41274292,OK,67.07271536,OK,0,OK
 8/22/2018  1:11:14 AM,69.39725391,OK,67.08067546,OK,0,OK
 8/22/2018  1:12:14 AM,69.39136779,OK,67.07837516,OK,0,OK
 8/22/2018  1:13:14 AM,69.3881134,OK,67.07811335,OK,0,OK
 8/22/2018  1:14:14 AM,69.3960801,OK,67.07316588,OK,0,OK
 8/22/2018  1:15:14 AM,69.43646302,OK,67.07375461,OK,0,OK
 8/22/2018  1:16:14 AM,69.49011957,OK,67.08268868,OK,0,OK
 8/22/2018  1:17:14 AM,69.52313895,OK,67.07963336,OK,0,OK
 8/22/2018  1:18:14 AM,69.52507447,OK,67.07159022,OK,0,OK
 8/22/2018  1:19:14 AM,69.51376025,OK,67.07204134,OK,0,OK
 8/22/2018  1:20:14 AM,69.51564255,OK,67.07094345,OK,0,OK
 8/22/2018  1:21:14 AM,69.5187243,OK,67.07221173,OK,0,OK
 8/22/2018  1:22:14 AM,69.52846958,OK,67.07018545,OK,0,OK
 8/22/2018  1:23:14 AM,69.54475015,OK,67.06910365,OK,0,OK
 8/22/2018  1:24:14 AM,69.53310614,OK,67.0731157,OK,0,OK
 8/22/2018  1:25:14 AM,69.51792081,OK,67.06116117,OK,0,OK
 8/22/2018  1:26:14 AM,69.50067153,OK,67.05240828,OK,0,OK
 8/22/2018  1:27:14 AM,69.51433118,OK,67.0521702,OK,0,OK
 8/22/2018  1:28:14 AM,69.53352431,OK,67.05203384,OK,0,OK
 8/22/2018  1:29:14 AM,69.53762693,OK,67.05539385,OK,0,OK
 8/22/2018  1:30:14 AM,69.54946041,OK,67.06080678,OK,0,OK
 8/22/2018  1:31:14 AM,69.57926502,OK,67.05281738,OK,0,OK
 8/22/2018  1:32:14 AM,69.60960457,OK,67.0492252,OK,0,OK
 8/22/2018  1:33:14 AM,69.62221649,OK,67.04967923,OK,0,OK
 8/22/2018  1:34:14 AM,69.64706448,OK,67.04471591,OK,0,OK
 8/22/2018  1:35:14 AM,69.63924139,OK,67.05267981,OK,0,OK
 8/22/2018  1:36:14 AM,69.62290556,OK,67.05348115,OK,0,OK
 8/22/2018  1:37:14 AM,69.60677908,OK,67.05056281,OK,0,OK
 8/22/2018  1:38:14 AM,69.57726881,OK,67.05168613,OK,0,OK
 8/22/2018  1:39:14 AM,69.53661175,OK,67.04896153,OK,0,OK
 8/22/2018  1:40:14 AM,69.52353401,OK,67.05154416,OK,0,OK
 8/22/2018  1:41:14 AM,69.54407056,OK,67.05791798,OK,0,OK
 8/22/2018  1:42:14 AM,69.55134427,OK,67.05933496,OK,0,OK
 8/22/2018  1:43:14 AM,69.55020177,OK,67.06422459,OK,0,OK
 8/22/2018  1:44:14 AM,69.53985295,OK,67.05971452,OK,0,OK
 8/22/2018  1:45:14 AM,69.53144501,OK,67.05117882,OK,0,OK
 8/22/2018  1:46:14 AM,69.57263635,OK,67.05105138,OK,0,OK
 8/22/2018  1:47:14 AM,69.58364108,OK,67.05297643,OK,0,OK
 8/22/2018  1:48:14 AM,69.57356896,OK,67.05207046,OK,0,OK
 8/22/2018  1:49:14 AM,69.54239251,OK,67.05161416,OK,0,OK
 8/22/2018  1:50:14 AM,69.49353771,OK,67.04804109,OK,0,OK
 8/22/2018  1:51:14 AM,69.44221684,OK,67.03465061,OK,0,OK
 8/22/2018  1:52:14 AM,69.42007009,OK,67.02101364,OK,0,OK
 8/22/2018  1:53:14 AM,69.40307005,OK,67.01515854,OK,0,OK
 8/22/2018  1:54:14 AM,69.3853858,OK,67.01191969,OK,0,OK
 8/22/2018  1:55:14 AM,69.37491992,OK,67.01497362,OK,0,OK
 8/22/2018  1:56:14 AM,69.3924377,OK,67.00892231,OK,0,OK
 8/22/2018  1:57:14 AM,69.40328863,OK,67.00250007,OK,0,OK
 8/22/2018  1:58:14 AM,69.44397618,OK,66.99216684,OK,0,OK
 8/22/2018  1:59:14 AM,69.46162484,OK,66.98463511,OK,0,OK
 8/22/2018  2:00:14 AM,69.47311053,OK,66.98088382,OK,0,OK
 8/22/2018  2:01:14 AM,69.5190508,OK,66.97425857,OK,0,OK
 8/22/2018  2:02:14 AM,69.5883787,OK,66.97240361,OK,0,OK
 8/22/2018  2:03:14 AM,69.61337353,OK,66.96483601,OK,0,OK
 8/22/2018  2:04:14 AM,69.62033809,OK,66.96753414,OK,0,OK
 8/22/2018  2:05:14 AM,69.61480118,OK,66.97512546,OK,0,OK
 8/22/2018  2:06:14 AM,69.62334844,OK,66.97491288,OK,0,OK
 8/22/2018  2:07:14 AM,69.63272408,OK,66.97406683,OK,0,OK
 8/22/2018  2:08:14 AM,69.60871849,OK,66.97477498,OK,0,OK
 8/22/2018  2:09:14 AM,69.57891943,OK,66.9685074,OK,0,OK
 8/22/2018  2:10:14 AM,69.53465513,OK,66.9749743,OK,0,OK
 8/22/2018  2:11:14 AM,69.51189054,OK,66.9814445,OK,0,OK
 8/22/2018  2:12:14 AM,69.49730309,OK,66.98583441,OK,0,OK
 8/22/2018  2:13:14 AM,69.47779206,OK,66.99166478,OK,0,OK
 8/22/2018  2:14:14 AM,69.45273506,OK,66.99544381,OK,0,OK
 8/22/2018  2:15:14 AM,69.40908759,OK,66.99611376,OK,0,OK
 8/22/2018  2:16:14 AM,69.37794593,OK,66.99704437,OK,0,OK
 8/22/2018  2:17:14 AM,69.37969516,OK,66.99450442,OK,0,OK
 8/22/2018  2:18:14 AM,69.4105611,OK,66.98581842,OK,0,OK
 8/22/2018  2:19:14 AM,69.40548399,OK,66.98444298,OK,0,OK
 8/22/2018  2:20:14 AM,69.4174661,OK,66.98154182,OK,0,OK
 8/22/2018  2:21:14 AM,69.44800858,OK,66.97570488,OK,0,OK
 8/22/2018  2:22:14 AM,69.48943907,OK,66.97374024,OK,0,OK
 8/22/2018  2:23:14 AM,69.52786868,OK,66.96864664,OK,0,OK
 8/22/2018  2:24:14 AM,69.55550876,OK,66.96354179,OK,0,OK
 8/22/2018  2:25:14 AM,69.57908614,OK,66.96222935,OK,0,OK
 8/22/2018  2:26:14 AM,69.60817771,OK,66.95630747,OK,0,OK
 8/22/2018  2:27:14 AM,69.60032965,OK,66.95181438,OK,0,OK
 8/22/2018  2:28:14 AM,69.57572355,OK,66.95613953,OK,0,OK
 8/22/2018  2:29:14 AM,69.54590286,OK,66.96345577,OK,0,OK
 8/22/2018  2:30:14 AM,69.52962534,OK,66.96820393,OK,0,OK
 8/22/2018  2:31:14 AM,69.50686429,OK,66.97090521,OK,0,OK
 8/22/2018  2:32:14 AM,69.47458947,OK,66.97478879,OK,0,OK
 8/22/2018  2:33:14 AM,69.4548576,OK,66.97485908,OK,0,OK
 8/22/2018  2:34:14 AM,69.48274927,OK,66.969803,OK,0,OK
 8/22/2018  2:35:14 AM,69.48642333,OK,66.97206933,OK,0,OK
 8/22/2018  2:36:14 AM,69.48150268,OK,66.97089626,OK,0,OK
 8/22/2018  2:37:14 AM,69.49766388,OK,66.96729662,OK,0,OK
 8/22/2018  2:38:14 AM,69.49667521,OK,66.96447682,OK,0,OK
 8/22/2018  2:39:14 AM,69.49567477,OK,66.95459984,OK,0,OK
 8/22/2018  2:40:14 AM,69.48374623,OK,66.938376,OK,0,OK
 8/22/2018  2:41:14 AM,69.49163737,OK,66.92737004,OK,0,OK
 8/22/2018  2:42:14 AM,69.50616241,OK,66.92801455,OK,0,OK
 8/22/2018  2:43:14 AM,69.52469476,OK,66.93428644,OK,0,OK
 8/22/2018  2:44:14 AM,69.52372076,OK,66.94218874,OK,0,OK
 8/22/2018  2:45:14 AM,69.54856032,OK,66.94558142,OK,0,OK
 8/22/2018  2:46:14 AM,69.56194251,OK,66.95222902,OK,0,OK
 8/22/2018  2:47:14 AM,69.54231051,OK,66.96083123,OK,0,OK
 8/22/2018  2:48:14 AM,69.52690001,OK,66.96228112,OK,0,OK
 8/22/2018  2:49:14 AM,69.53211244,OK,66.96366744,OK,0,OK
 8/22/2018  2:50:14 AM,69.55143062,OK,66.97288888,OK,0,OK
 8/22/2018  2:51:14 AM,69.56806758,OK,66.98198547,OK,0,OK
 8/22/2018  2:52:14 AM,69.59486273,OK,66.98572904,OK,0,OK
 8/22/2018  2:53:14 AM,69.6058918,OK,66.99176305,OK,0,OK
 8/22/2018  2:54:14 AM,69.59093022,OK,66.99915538,OK,0,OK
 8/22/2018  2:55:14 AM,69.55032241,OK,67.00583955,OK,0,OK
 8/22/2018  2:56:14 AM,69.50594556,OK,67.0077575,OK,0,OK
 8/22/2018  2:57:14 AM,69.48841519,OK,67.00425288,OK,0,OK
 8/22/2018  2:58:14 AM,69.48487342,OK,67.0099154,OK,0,OK
 8/22/2018  2:59:14 AM,69.48024336,OK,67.01811349,OK,0,OK
 8/22/2018  3:00:14 AM,69.46406728,OK,67.02367512,OK,0,OK
 8/22/2018  3:01:14 AM,69.43663495,OK,67.02980013,OK,0,OK
 8/22/2018  3:02:14 AM,69.40994078,OK,67.03128913,OK,0,OK
 8/22/2018  3:03:14 AM,69.36781638,OK,67.03450484,OK,0,OK
 8/22/2018  3:04:14 AM,69.32064476,OK,67.03738079,OK,0,OK
 8/22/2018  3:05:14 AM,69.29443073,OK,67.04273136,OK,0,OK
 8/22/2018  3:06:14 AM,69.28150206,OK,67.04971819,OK,0,OK
 8/22/2018  3:07:14 AM,69.29397693,OK,67.05448198,OK,0,OK
 8/22/2018  3:08:14 AM,69.28260988,OK,67.0499297,OK,0,OK
 8/22/2018  3:09:14 AM,69.27135202,OK,67.04042031,OK,0,OK
 8/22/2018  3:10:14 AM,69.25799647,OK,67.03697106,OK,0,OK
 8/22/2018  3:11:14 AM,69.2466466,OK,67.03123169,OK,0,OK
 8/22/2018  3:12:14 AM,69.22301415,OK,67.01944936,OK,0,OK
 8/22/2018  3:13:14 AM,69.20863489,OK,67.00698617,OK,0,OK
 8/22/2018  3:14:14 AM,69.18924489,OK,66.9867424,OK,0,OK
 8/22/2018  3:15:14 AM,69.19125568,OK,66.96556848,OK,0,OK
 8/22/2018  3:16:14 AM,69.23522037,OK,66.95266836,OK,0,OK
 8/22/2018  3:17:14 AM,69.28517642,OK,66.9480607,OK,0,OK
 8/22/2018  3:18:14 AM,69.32812462,OK,66.93557423,OK,0,OK
 8/22/2018  3:19:14 AM,69.3587595,OK,66.92453095,OK,0,OK
 8/22/2018  3:20:14 AM,69.38960322,OK,66.92119826,OK,0,OK
 8/22/2018  3:21:14 AM,69.41692969,OK,66.9207207,OK,0,OK
 8/22/2018  3:22:14 AM,69.42633443,OK,66.92393394,OK,0,OK
 8/22/2018  3:23:14 AM,69.41233015,OK,66.91998491,OK,0,OK
 8/22/2018  3:24:14 AM,69.42178906,OK,66.90279342,OK,0,OK
 8/22/2018  3:25:14 AM,69.43644667,OK,66.89356627,OK,0,OK
 8/22/2018  3:26:14 AM,69.43313152,OK,66.8896759,OK,0,OK
 8/22/2018  3:27:14 AM,69.40193532,OK,66.88894183,OK,0,OK
 8/22/2018  3:28:14 AM,69.35369105,OK,66.89110394,OK,0,OK
 8/22/2018  3:29:14 AM,69.33622411,OK,66.89279823,OK,0,OK
 8/22/2018  3:30:14 AM,69.35183945,OK,66.89150836,OK,0,OK
 8/22/2018  3:31:14 AM,69.36216036,OK,66.89394711,OK,0,OK
 8/22/2018  3:32:14 AM,69.39660242,OK,66.88213379,OK,0,OK
 8/22/2018  3:33:14 AM,69.40332235,OK,66.86720486,OK,0,OK
 8/22/2018  3:34:14 AM,69.39727623,OK,66.86155092,OK,0,OK
 8/22/2018  3:35:14 AM,69.38871853,OK,66.85877651,OK,0,OK
 8/22/2018  3:36:14 AM,69.35243756,OK,66.84866508,OK,0,OK
 8/22/2018  3:37:14 AM,69.2912601,OK,66.84650782,OK,0,OK
 8/22/2018  3:38:14 AM,69.22842315,OK,66.8437345,OK,0,OK
 8/22/2018  3:39:14 AM,69.19819905,OK,66.82982351,OK,0,OK
 8/22/2018  3:40:14 AM,69.18257442,OK,66.81545587,OK,0,OK
 8/22/2018  3:41:14 AM,69.20600729,OK,66.81525873,OK,0,OK
 8/22/2018  3:42:14 AM,69.22974242,OK,66.79987686,OK,0,OK
 8/22/2018  3:43:14 AM,69.22879818,OK,66.78233147,OK,0,OK
 8/22/2018  3:44:14 AM,69.23645105,OK,66.77281426,OK,0,OK
 8/22/2018  3:45:14 AM,69.24069549,OK,66.77326763,OK,0,OK
 8/22/2018  3:46:14 AM,69.22218467,OK,66.77471968,OK,0,OK
 8/22/2018  3:47:14 AM,69.20068687,OK,66.77670698,OK,0,OK
 8/22/2018  3:48:14 AM,69.20963279,OK,66.77554827,OK,0,OK
 8/22/2018  3:49:14 AM,69.2539133,OK,66.77582943,OK,0,OK
 8/22/2018  3:50:14 AM,69.29592002,OK,66.77553943,OK,0,OK
 8/22/2018  3:51:14 AM,69.34015492,OK,66.77222126,OK,0,OK
 8/22/2018  3:52:14 AM,69.37977928,OK,66.76956698,OK,0,OK
 8/22/2018  3:53:14 AM,69.37293342,OK,66.77889392,OK,0,OK
 8/22/2018  3:54:14 AM,69.35957387,OK,66.78435775,OK,0,OK
 8/22/2018  3:55:14 AM,69.35581961,OK,66.78333211,OK,0,OK
 8/22/2018  3:56:14 AM,69.34433883,OK,66.77499013,OK,0,OK
 8/22/2018  3:57:14 AM,69.32146217,OK,66.76559342,OK,0,OK
 8/22/2018  3:58:14 AM,69.2804195,OK,66.76291196,OK,0,OK
 8/22/2018  3:59:14 AM,69.23316323,OK,66.76132374,OK,0,OK
 8/22/2018  4:00:14 AM,69.18651172,OK,66.7549962,OK,0,OK
 8/22/2018  4:01:14 AM,69.1445522,OK,66.7497056,OK,0,OK
 8/22/2018  4:02:14 AM,69.12115723,OK,66.74524986,OK,0,OK
 8/22/2018  4:03:14 AM,69.08789016,OK,66.74506992,OK,0,OK
 8/22/2018  4:04:14 AM,69.05099522,OK,66.74678214,OK,0,OK
 8/22/2018  4:05:14 AM,69.01853819,OK,66.74912093,OK,0,OK
 8/22/2018  4:06:14 AM,69.00335142,OK,66.75181835,OK,0,OK
 8/22/2018  4:07:14 AM,69.00933557,OK,66.74802685,OK,0,OK
 8/22/2018  4:08:14 AM,69.04507785,OK,66.74874768,OK,0,OK
 8/22/2018  4:09:14 AM,69.07736832,OK,66.75502022,OK,0,OK
 8/22/2018  4:10:14 AM,69.09258955,OK,66.76076063,OK,0,OK
 8/22/2018  4:11:14 AM,69.11159078,OK,66.77026846,OK,0,OK
 8/22/2018  4:12:14 AM,69.15108617,OK,66.77678725,OK,0,OK
 8/22/2018  4:13:14 AM,69.22525784,OK,66.7794136,OK,0,OK
 8/22/2018  4:14:14 AM,69.23962927,OK,66.78170285,OK,0,OK
 8/22/2018  4:15:14 AM,69.21455301,OK,66.78037039,OK,0,OK
 8/22/2018  4:16:14 AM,69.16802956,OK,66.77273536,OK,0,OK
 8/22/2018  4:17:14 AM,69.1031544,OK,66.76089165,OK,0,OK
 8/22/2018  4:18:14 AM,69.04724971,OK,66.74979388,OK,0,OK
 8/22/2018  4:19:14 AM,69.01081417,OK,66.73771772,OK,0,OK
 8/22/2018  4:20:14 AM,69.00692752,OK,66.72726976,OK,0,OK
 8/22/2018  4:21:14 AM,69.01826577,OK,66.71534359,OK,0,OK
 8/22/2018  4:22:14 AM,69.01473668,OK,66.71383109,OK,0,OK
 8/22/2018  4:23:14 AM,69.00531232,OK,66.70916931,OK,0,OK
 8/22/2018  4:24:14 AM,69.00407332,OK,66.70639753,OK,0,OK
 8/22/2018  4:25:14 AM,69.00564133,OK,66.70545511,OK,0,OK
 8/22/2018  4:26:14 AM,68.99663862,OK,66.69991913,OK,0,OK
 8/22/2018  4:27:14 AM,68.99383675,OK,66.69562643,OK,0,OK
 8/22/2018  4:28:14 AM,69.01623551,OK,66.69093339,OK,0,OK
 8/22/2018  4:29:14 AM,69.00287062,OK,66.68648893,OK,0,OK
 8/22/2018  4:30:14 AM,68.96468732,OK,66.68451737,OK,0,OK
 8/22/2018  4:31:14 AM,68.94114722,OK,66.67565506,OK,0,OK
 8/22/2018  4:32:14 AM,68.93524984,OK,66.67424091,OK,0,OK
 8/22/2018  4:33:14 AM,68.93443322,OK,66.66636534,OK,0,OK
 8/22/2018  4:34:14 AM,68.95096862,OK,66.66038453,OK,0,OK
 8/22/2018  4:35:14 AM,69.00835851,OK,66.65433526,OK,0,OK
 8/22/2018  4:36:14 AM,69.03677804,OK,66.64989246,OK,0,OK
 8/22/2018  4:37:14 AM,69.05891857,OK,66.64797069,OK,0,OK
 8/22/2018  4:38:14 AM,69.04828931,OK,66.65028798,OK,0,OK
 8/22/2018  4:39:14 AM,69.00675022,OK,66.65421794,OK,0,OK
 8/22/2018  4:40:14 AM,68.9828249,OK,66.63698096,OK,0,OK
 8/22/2018  4:41:14 AM,68.98893641,OK,66.61643593,OK,0,OK
 8/22/2018  4:42:14 AM,69.02905698,OK,66.614549,OK,0,OK
 8/22/2018  4:43:14 AM,69.06843309,OK,66.62237604,OK,0,OK
 8/22/2018  4:44:14 AM,69.08618687,OK,66.61937526,OK,0,OK
 8/22/2018  4:45:14 AM,69.08196699,OK,66.61799291,OK,0,OK
 8/22/2018  4:46:14 AM,69.09055134,OK,66.62616215,OK,0,OK
 8/22/2018  4:47:14 AM,69.09301823,OK,66.62873737,OK,0,OK
 8/22/2018  4:48:14 AM,69.09447484,OK,66.63129902,OK,0,OK
 8/22/2018  4:49:14 AM,69.08986516,OK,66.63699698,OK,0,OK
 8/22/2018  4:50:14 AM,69.07462096,OK,66.64128462,OK,0,OK
 8/22/2018  4:51:14 AM,69.0489521,OK,66.63822729,OK,0,OK
 8/22/2018  4:52:14 AM,69.02100892,OK,66.63065888,OK,0,OK
 8/22/2018  4:53:14 AM,69.03757634,OK,66.62787064,OK,0,OK
 8/22/2018  4:54:14 AM,69.1066457,OK,66.62760669,OK,0,OK
 8/22/2018  4:55:14 AM,69.16329422,OK,66.62601199,OK,0,OK
 8/22/2018  4:56:14 AM,69.18189715,OK,66.62723672,OK,0,OK
 8/22/2018  4:57:14 AM,69.17338624,OK,66.63338116,OK,0,OK
 8/22/2018  4:58:14 AM,69.1695,OK,66.63977388,OK,0,OK
 8/22/2018  4:59:14 AM,69.1560832,OK,66.6484647,OK,0,OK
 8/22/2018  5:00:14 AM,69.15824293,OK,66.65263038,OK,0,OK
 8/22/2018  5:01:14 AM,69.13105605,OK,66.65615702,OK,0,OK
 8/22/2018  5:02:14 AM,69.09366124,OK,66.65242491,OK,0,OK
 8/22/2018  5:03:14 AM,69.06775196,OK,66.6425522,OK,0,OK
 8/22/2018  5:04:14 AM,69.03792253,OK,66.64022266,OK,0,OK
 8/22/2018  5:05:14 AM,68.97986113,OK,66.62860285,OK,0,OK
 8/22/2018  5:06:14 AM,68.91803112,OK,66.60774959,OK,0,OK
 8/22/2018  5:07:14 AM,68.84720618,OK,66.60104386,OK,0,OK
 8/22/2018  5:08:14 AM,68.80554455,OK,66.59882218,OK,0,OK
 8/22/2018  5:09:14 AM,68.81765362,OK,66.59725854,OK,0,OK
 8/22/2018  5:10:14 AM,68.85412658,OK,66.59269212,OK,0,OK
 8/22/2018  5:11:14 AM,68.87952191,OK,66.57870317,OK,0,OK
 8/22/2018  5:12:14 AM,68.86103357,OK,66.56231871,OK,0,OK
 8/22/2018  5:13:14 AM,68.8172482,OK,66.54833641,OK,0,OK
 8/22/2018  5:14:14 AM,68.76569848,OK,66.53434342,OK,0,OK
 8/22/2018  5:15:14 AM,68.71382833,OK,66.51793873,OK,0,OK
 8/22/2018  5:16:14 AM,68.67284314,OK,66.50113762,OK,0,OK
 8/22/2018  5:17:14 AM,68.66372062,OK,66.49135259,OK,0,OK
 8/22/2018  5:18:14 AM,68.72216501,OK,66.48589799,OK,0,OK
 8/22/2018  5:19:14 AM,68.83431063,OK,66.47960153,OK,0,OK
 8/22/2018  5:20:14 AM,68.9269328,OK,66.48316639,OK,0,OK
 8/22/2018  5:21:14 AM,68.97922991,OK,66.48665034,OK,0,OK
 8/22/2018  5:22:14 AM,68.98610633,OK,66.48448087,OK,0,OK
 8/22/2018  5:23:14 AM,68.97273525,OK,66.49179328,OK,0,OK
 8/22/2018  5:24:14 AM,68.98385453,OK,66.48868548,OK,0,OK
 8/22/2018  5:25:14 AM,68.98092961,OK,66.48494027,OK,0,OK
 8/22/2018  5:26:14 AM,68.97513809,OK,66.47388193,OK,0,OK
 8/22/2018  5:27:14 AM,68.96740648,OK,66.4618533,OK,0,OK
 8/22/2018  5:28:14 AM,68.96179277,OK,66.45464616,OK,0,OK
 8/22/2018  5:29:14 AM,68.94129529,OK,66.45197713,OK,0,OK
 8/22/2018  5:30:14 AM,68.93357674,OK,66.44730857,OK,0,OK
 8/22/2018  5:31:14 AM,68.94744596,OK,66.4463771,OK,0,OK
 8/22/2018  5:32:14 AM,68.94160746,OK,66.4438858,OK,0,OK
 8/22/2018  5:33:14 AM,68.9207612,OK,66.44412821,OK,0,OK
 8/22/2018  5:34:14 AM,68.91763787,OK,66.44534264,OK,0,OK
 8/22/2018  5:35:14 AM,68.94289551,OK,66.44952292,OK,0,OK
 8/22/2018  5:36:14 AM,68.97815126,OK,66.44753243,OK,0,OK
 8/22/2018  5:37:14 AM,69.02021637,OK,66.44486593,OK,0,OK
 8/22/2018  5:38:14 AM,69.0793028,OK,66.44806836,OK,0,OK
 8/22/2018  5:39:14 AM,69.11491226,OK,66.44265916,OK,0,OK
 8/22/2018  5:40:14 AM,69.12698089,OK,66.43640628,OK,0,OK
 8/22/2018  5:41:14 AM,69.11116042,OK,66.43126721,OK,0,OK
 8/22/2018  5:42:14 AM,69.07291218,OK,66.43380124,OK,0,OK
 8/22/2018  5:43:14 AM,69.06673683,OK,66.43214806,OK,0,OK
 8/22/2018  5:44:14 AM,69.05017465,OK,66.42362839,OK,0,OK
 8/22/2018  5:45:14 AM,69.0190913,OK,66.41835365,OK,0,OK
 8/22/2018  5:46:14 AM,69.01437214,OK,66.41963617,OK,0,OK
 8/22/2018  5:47:14 AM,69.03915733,OK,66.4202552,OK,0,OK
 8/22/2018  5:48:14 AM,69.07654106,OK,66.41490645,OK,0,OK
 8/22/2018  5:49:14 AM,69.08450225,OK,66.41410937,OK,0,OK
 8/22/2018  5:50:14 AM,69.0917841,OK,66.41721848,OK,0,OK
 8/22/2018  5:51:14 AM,69.12951589,OK,66.41433406,OK,0,OK
 8/22/2018  5:52:14 AM,69.15506565,OK,66.41628164,OK,0,OK
 8/22/2018  5:53:14 AM,69.16225034,OK,66.41724634,OK,0,OK
 8/22/2018  5:54:14 AM,69.13874515,OK,66.42127522,OK,0,OK
 8/22/2018  5:55:14 AM,69.11655383,OK,66.42064025,OK,0,OK
 8/22/2018  5:56:14 AM,69.08868745,OK,66.421922,OK,0,OK
 8/22/2018  5:57:14 AM,69.06540685,OK,66.42627341,OK,0,OK
 8/22/2018  5:58:14 AM,69.06614475,OK,66.42461352,OK,0,OK
 8/22/2018  5:59:14 AM,69.06748034,OK,66.41755805,OK,0,OK
 8/22/2018  6:00:14 AM,69.17663635,OK,66.39033266,OK,2.002426219,OK
 8/22/2018  6:01:14 AM,69.77770279,OK,65.48053953,OK,4.788464317,OK
 8/22/2018  6:02:14 AM,70.27065309,OK,63.76474181,OK,4.608845704,OK
 8/22/2018  6:03:14 AM,70.59709921,OK,62.85624381,OK,3.803775902,OK
 8/22/2018  6:04:14 AM,70.81374445,OK,62.65181531,OK,3.200377976,OK
 8/22/2018  6:05:14 AM,70.95814203,OK,63.04209877,OK,3.380680517,OK
 8/22/2018  6:06:14 AM,71.02020013,OK,63.58281625,OK,4.35687034,OK
 8/22/2018  6:07:14 AM,71.04096225,OK,64.05905992,OK,5.825697552,OK
 8/22/2018  6:08:14 AM,71.03778035,OK,64.52296165,OK,7.946111809,OK
 8/22/2018  6:09:14 AM,71.01937529,OK,64.91838419,OK,10.3583342,OK
 8/22/2018  6:10:14 AM,71.00082874,OK,65.2866348,OK,13.20396825,OK
 8/22/2018  6:11:14 AM,70.97598144,OK,65.63337247,OK,16.45227287,OK
 8/22/2018  6:12:14 AM,70.95355946,OK,65.97623026,OK,20.61398339,OK
 8/22/2018  6:13:14 AM,70.93540721,OK,66.27828947,OK,24.47360725,OK
 8/22/2018  6:14:14 AM,70.9220346,OK,66.5394884,OK,28.8276509,OK
 8/22/2018  6:15:14 AM,70.9143164,OK,66.78809643,OK,33.3592074,OK
 8/22/2018  6:16:14 AM,70.90951201,OK,67.02632647,OK,38.25448017,OK
 8/22/2018  6:17:14 AM,70.90768145,OK,67.23489693,OK,43.46542688,OK
 8/22/2018  6:18:14 AM,70.91545401,OK,67.42346597,OK,48.78151242,OK
 8/22/2018  6:19:14 AM,70.93383746,OK,67.59114024,OK,54.32076118,OK
 8/22/2018  6:20:14 AM,70.9587434,OK,67.72997307,OK,60.02852966,OK
 8/22/2018  6:21:14 AM,70.99293989,OK,67.81319599,OK,65.62910423,OK
 8/22/2018  6:22:14 AM,71.04301852,OK,67.85087399,OK,71.22629748,OK
 8/22/2018  6:23:14 AM,71.08878786,OK,67.84345115,OK,76.78959302,OK
 8/22/2018  6:24:14 AM,71.13653698,OK,67.7912519,OK,82.99094246,OK
 8/22/2018  6:25:14 AM,71.17620422,OK,67.68588686,OK,88.5163877,OK
 8/22/2018  6:26:14 AM,71.20975151,OK,67.52060286,OK,93.56188764,OK
 8/22/2018  6:27:14 AM,71.24506989,OK,67.27935589,OK,98.24867021,OK
 8/22/2018  6:28:14 AM,71.26386564,OK,66.99088229,OK,99.99929804,OK
 8/22/2018  6:29:14 AM,71.28447998,OK,66.72133362,OK,100,OK
 8/22/2018  6:30:14 AM,71.28948465,OK,66.39467611,OK,99.59492716,OK
 8/22/2018  6:31:14 AM,71.29523581,OK,66.11394111,OK,100,OK
 8/22/2018  6:32:14 AM,71.29671999,OK,65.89735244,OK,100,OK
 8/22/2018  6:33:14 AM,71.28643706,OK,65.76607706,OK,100,OK
 8/22/2018  6:34:14 AM,71.28649124,OK,65.70266326,OK,100,OK
 8/22/2018  6:35:14 AM,71.26800485,OK,65.6756443,OK,100,OK
 8/22/2018  6:36:14 AM,71.24838746,OK,65.66280278,OK,100,OK
 8/22/2018  6:37:14 AM,71.23382104,OK,65.66312068,OK,100,OK
 8/22/2018  6:38:14 AM,71.21259419,OK,65.6691165,OK,100,OK
 8/22/2018  6:39:14 AM,71.20993484,OK,65.67720103,OK,100,OK
 8/22/2018  6:40:14 AM,71.20772107,OK,65.67910361,OK,100,OK
 8/22/2018  6:41:14 AM,71.21211831,OK,65.67810432,OK,100,OK
 8/22/2018  6:42:14 AM,71.22630821,OK,65.681141,OK,100,OK
 8/22/2018  6:43:14 AM,71.22493378,OK,65.68980756,OK,100,OK
 8/22/2018  6:44:14 AM,71.21658633,OK,65.69892619,OK,100,OK
 8/22/2018  6:45:14 AM,71.21954979,OK,65.70754188,OK,100,OK
 8/22/2018  6:46:14 AM,71.21863898,OK,65.70940391,OK,100,OK
 8/22/2018  6:47:14 AM,71.20509592,OK,65.71354949,OK,100,OK
 8/22/2018  6:48:14 AM,71.19212947,OK,65.71650898,OK,100,OK
 8/22/2018  6:49:14 AM,71.17372219,OK,65.72175104,OK,100,OK
 8/22/2018  6:50:14 AM,71.1603233,OK,65.72384075,OK,100,OK
 8/22/2018  6:51:14 AM,71.14953275,OK,65.71760704,OK,100,OK
 8/22/2018  6:52:14 AM,71.1383368,OK,65.70974938,OK,100,OK
 8/22/2018  6:53:14 AM,71.12683051,OK,65.70214833,OK,100,OK
 8/22/2018  6:54:14 AM,71.11762595,OK,65.67654936,OK,100,OK
 8/22/2018  6:55:14 AM,71.11267622,OK,65.5984283,OK,100,OK
 8/22/2018  6:56:14 AM,71.09734793,OK,65.39399438,OK,100,OK
 8/22/2018  6:57:14 AM,71.09281809,OK,65.02198934,OK,99.9955753,OK
 8/22/2018  6:58:14 AM,71.09191066,OK,64.51618827,OK,99.94471066,OK
 8/22/2018  6:59:14 AM,71.09082578,OK,64.03970008,OK,99.66961843,OK
 8/22/2018  7:00:14 AM,71.09527391,OK,63.69829394,OK,99.10538442,OK
 8/22/2018  7:01:14 AM,71.08893862,OK,63.59539334,OK,98.55893049,OK
 8/22/2018  7:02:14 AM,71.07912931,OK,63.67057798,OK,98.21099806,OK
 8/22/2018  7:03:14 AM,71.08032918,OK,63.87539059,OK,98.16835066,OK
 8/22/2018  7:04:14 AM,71.07022416,OK,64.11978683,OK,98.4324718,OK
 8/22/2018  7:05:14 AM,71.06515028,OK,64.3200462,OK,98.93512448,OK
 8/22/2018  7:06:14 AM,71.07543982,OK,64.51218433,OK,99.65005068,OK
 8/22/2018  7:07:14 AM,71.08910591,OK,64.68135419,OK,100,OK
 8/22/2018  7:08:14 AM,71.09033078,OK,64.81677063,OK,100,OK
 8/22/2018  7:09:14 AM,71.09444729,OK,64.92965508,OK,100,OK
 8/22/2018  7:10:14 AM,71.10093818,OK,65.02478002,OK,100,OK
 8/22/2018  7:11:14 AM,71.1153753,OK,65.11305636,OK,100,OK
 8/22/2018  7:12:14 AM,71.11652327,OK,65.17832638,OK,100,OK
 8/22/2018  7:13:14 AM,71.12195164,OK,65.23752685,OK,100,OK
 8/22/2018  7:14:14 AM,71.13242674,OK,65.2913693,OK,100,OK
 8/22/2018  7:15:14 AM,71.13822803,OK,65.342969,OK,100,OK
 8/22/2018  7:16:14 AM,71.16664506,OK,65.38994743,OK,100,OK
 8/22/2018  7:17:14 AM,71.18561661,OK,65.42986705,OK,100,OK
 8/22/2018  7:18:14 AM,71.20676123,OK,65.47115164,OK,100,OK
 8/22/2018  7:19:14 AM,71.22640432,OK,65.51464154,OK,100,OK
 8/22/2018  7:20:14 AM,71.21973355,OK,65.55045764,OK,100,OK
 8/22/2018  7:21:14 AM,71.23239236,OK,65.58079613,OK,100,OK
 8/22/2018  7:22:14 AM,71.23650708,OK,65.60753566,OK,100,OK
 8/22/2018  7:23:14 AM,71.24841646,OK,65.63069851,OK,100,OK
 8/22/2018  7:24:14 AM,71.25647882,OK,65.65122244,OK,100,OK
 8/22/2018  7:25:14 AM,71.25751111,OK,65.67476371,OK,100,OK
 8/22/2018  7:26:14 AM,71.26937359,OK,65.69235144,OK,100,OK
 8/22/2018  7:27:14 AM,71.25788245,OK,65.71390937,OK,100,OK
 8/22/2018  7:28:14 AM,71.2665793,OK,65.73110859,OK,100,OK
 8/22/2018  7:29:14 AM,71.27695002,OK,65.74919168,OK,100,OK
 8/22/2018  7:30:14 AM,71.27635504,OK,65.7679985,OK,100,OK
 8/22/2018  7:31:14 AM,71.29082763,OK,65.78817476,OK,100,OK
 8/22/2018  7:32:14 AM,71.27946957,OK,65.80764135,OK,100,OK
 8/22/2018  7:33:14 AM,71.28623931,OK,65.82811584,OK,100,OK
 8/22/2018  7:34:14 AM,71.30025978,OK,65.84437819,OK,100,OK
 8/22/2018  7:35:14 AM,71.29200096,OK,65.8573053,OK,100,OK
 8/22/2018  7:36:14 AM,71.27801396,OK,65.87464008,OK,100,OK
 8/22/2018  7:37:14 AM,71.28394823,OK,65.89025079,OK,100,OK
 8/22/2018  7:38:14 AM,71.28090925,OK,65.90283578,OK,100,OK
 8/22/2018  7:39:14 AM,71.27347838,OK,65.91777876,OK,100,OK
 8/22/2018  7:40:14 AM,71.27377594,OK,65.93633285,OK,100,OK
 8/22/2018  7:41:14 AM,71.27332149,OK,65.95259498,OK,100,OK
 8/22/2018  7:42:14 AM,71.2586226,OK,65.96592835,OK,100,OK
 8/22/2018  7:43:14 AM,71.25326255,OK,65.97538924,OK,100,OK
 8/22/2018  7:44:14 AM,71.25814419,OK,65.9851988,OK,100,OK
 8/22/2018  7:45:14 AM,71.26198685,OK,65.98873029,OK,100,OK
 8/22/2018  7:46:14 AM,71.26283448,OK,65.98895119,OK,100,OK
 8/22/2018  7:47:14 AM,71.25496097,OK,65.99430068,OK,100,OK
 8/22/2018  7:48:14 AM,71.24894521,OK,65.99923112,OK,100,OK
 8/22/2018  7:49:14 AM,71.24325117,OK,66.00826996,OK,100,OK
 8/22/2018  7:50:14 AM,71.2443007,OK,66.02614834,OK,100,OK
 8/22/2018  7:51:14 AM,71.2566901,OK,66.04588148,OK,100,OK
 8/22/2018  7:52:14 AM,71.27581294,OK,66.06373007,OK,100,OK
 8/22/2018  7:53:14 AM,71.30069999,OK,66.08232028,OK,100,OK
 8/22/2018  7:54:14 AM,71.32482702,OK,66.09922523,OK,100,OK
 8/22/2018  7:55:14 AM,71.33948352,OK,66.11338315,OK,100,OK
 8/22/2018  7:56:14 AM,71.34107971,OK,66.11486053,OK,100,OK
 8/22/2018  7:57:14 AM,71.33961729,OK,66.13216289,OK,100,OK
 8/22/2018  7:58:14 AM,71.32966291,OK,66.14722533,OK,100,OK
 8/22/2018  7:59:14 AM,71.32256971,OK,66.15654686,OK,100,OK
 8/22/2018  8:00:14 AM,71.32524244,OK,66.17115237,OK,100,OK
 8/22/2018  8:01:14 AM,71.33393256,OK,66.18462536,OK,100,OK
 8/22/2018  8:02:14 AM,71.34355942,OK,66.19519604,OK,100,OK
 8/22/2018  8:03:14 AM,71.35862624,OK,66.21017205,OK,100,OK
 8/22/2018  8:04:14 AM,71.36344163,OK,66.21791013,OK,100,OK
 8/22/2018  8:05:14 AM,71.36553783,OK,66.22509432,OK,100,OK
 8/22/2018  8:06:14 AM,71.36649623,OK,66.2326766,OK,100,OK
 8/22/2018  8:07:14 AM,71.35958007,OK,66.24591594,OK,100,OK
 8/22/2018  8:08:14 AM,71.35836848,OK,66.26073959,OK,100,OK
 8/22/2018  8:09:14 AM,71.36488883,OK,66.2707627,OK,100,OK
 8/22/2018  8:10:14 AM,71.36856995,OK,66.28098931,OK,100,OK
 8/22/2018  8:11:14 AM,71.37581121,OK,66.28527597,OK,100,OK
 8/22/2018  8:12:14 AM,71.38169017,OK,66.28907124,OK,100,OK
 8/22/2018  8:13:14 AM,71.38522908,OK,66.28972435,OK,100,OK
 8/22/2018  8:14:14 AM,71.38988287,OK,66.28841354,OK,100,OK
 8/22/2018  8:15:14 AM,71.39652219,OK,66.28963628,OK,100,OK
 8/22/2018  8:16:14 AM,71.39532245,OK,66.29625438,OK,100,OK
 8/22/2018  8:17:14 AM,71.40327497,OK,66.3011446,OK,100,OK
 8/22/2018  8:18:14 AM,71.40540234,OK,66.30406931,OK,100,OK
 8/22/2018  8:19:14 AM,71.40592957,OK,66.3065567,OK,100,OK
 8/22/2018  8:20:14 AM,71.42178596,OK,66.32287463,OK,100,OK
 8/22/2018  8:21:14 AM,71.42875323,OK,66.33358739,OK,100,OK
 8/22/2018  8:22:14 AM,71.42341075,OK,66.34303239,OK,100,OK
 8/22/2018  8:23:14 AM,71.39380506,OK,66.35441084,OK,100,OK
 8/22/2018  8:24:14 AM,71.38507814,OK,66.36641823,OK,100,OK
 8/22/2018  8:25:14 AM,71.39346515,OK,66.3816638,OK,100,OK
 8/22/2018  8:26:14 AM,71.40186927,OK,66.39237761,OK,100,OK
 8/22/2018  8:27:14 AM,71.39982486,OK,66.3987793,OK,100,OK
 8/22/2018  8:28:14 AM,71.39446715,OK,66.40224959,OK,100,OK
 8/22/2018  8:29:14 AM,71.37683317,OK,66.40262171,OK,100,OK
 8/22/2018  8:30:14 AM,71.36573884,OK,66.39695722,OK,100,OK
 8/22/2018  8:31:14 AM,71.35564879,OK,66.38680785,OK,100,OK
 8/22/2018  8:32:14 AM,71.34460536,OK,66.38359353,OK,100,OK
 8/22/2018  8:33:14 AM,71.34579937,OK,66.3811698,OK,100,OK
 8/22/2018  8:34:14 AM,71.36045793,OK,66.37407406,OK,100,OK
 8/22/2018  8:35:14 AM,71.37239493,OK,66.36545192,OK,100,OK
 8/22/2018  8:36:14 AM,71.37256826,OK,66.36306979,OK,100,OK
 8/22/2018  8:37:14 AM,71.38757448,OK,66.35433429,OK,100,OK
 8/22/2018  8:38:14 AM,71.4076311,OK,66.2742343,OK,100,OK
 8/22/2018  8:39:14 AM,71.40954466,OK,65.70684393,OK,100,OK
 8/22/2018  8:40:14 AM,71.40252641,OK,64.09914185,OK,100,OK
 8/22/2018  8:41:14 AM,71.39692618,OK,61.93983769,OK,100,OK
 8/22/2018  8:42:14 AM,71.40038931,OK,59.71396089,OK,100,OK
 8/22/2018  8:43:14 AM,71.39456668,OK,58.08396085,OK,99.99280643,OK
 8/22/2018  8:44:14 AM,71.38740371,OK,56.96623652,OK,100,OK
 8/22/2018  8:45:14 AM,71.37643714,OK,56.2037197,OK,100,OK
 8/22/2018  8:46:14 AM,71.35797934,OK,55.6525022,OK,100,OK
 8/22/2018  8:47:14 AM,71.3319106,OK,55.2933298,OK,100,OK
 8/22/2018  8:48:14 AM,71.29317722,OK,55.06425526,OK,100,OK
 8/22/2018  8:49:14 AM,71.25655716,OK,54.92530101,OK,100,OK
 8/22/2018  8:50:14 AM,71.23253021,OK,54.8847192,OK,100,OK
 8/22/2018  8:51:14 AM,71.21717222,OK,54.90805311,OK,100,OK
 8/22/2018  8:52:14 AM,71.19660994,OK,54.96885955,OK,100,OK
 8/22/2018  8:53:14 AM,71.18307616,OK,55.04046119,OK,100,OK
 8/22/2018  8:54:14 AM,71.17625376,OK,55.12194943,OK,100,OK
 8/22/2018  8:55:14 AM,71.17131794,OK,55.17987113,OK,100,OK
 8/22/2018  8:56:14 AM,71.15681599,OK,55.21796818,OK,100,OK
 8/22/2018  8:57:14 AM,71.17305653,OK,55.27301435,OK,100,OK
 8/22/2018  8:58:14 AM,71.19176839,OK,55.32748493,OK,100,OK
 8/22/2018  8:59:14 AM,71.21201852,OK,55.38002831,OK,100,OK
 8/22/2018  9:00:14 AM,71.22442732,OK,55.44253464,OK,100,OK
 8/22/2018  9:01:14 AM,71.22532409,OK,55.59730134,OK,100,OK
 8/22/2018  9:02:14 AM,71.23364001,OK,55.95101388,OK,100,OK
 8/22/2018  9:03:14 AM,71.23493766,OK,56.32713738,OK,100,OK
 8/22/2018  9:04:14 AM,71.22350372,OK,56.73525286,OK,100,OK
 8/22/2018  9:05:14 AM,71.21785669,OK,56.98683586,OK,100,OK
 8/22/2018  9:06:14 AM,71.22814897,OK,57.14781138,OK,100,OK
 8/22/2018  9:07:14 AM,71.24394787,OK,57.19078282,OK,100,OK
 8/22/2018  9:08:14 AM,71.2583015,OK,57.11322686,OK,100,OK
 8/22/2018  9:09:14 AM,71.25647319,OK,56.92063732,OK,100,OK
 8/22/2018  9:10:14 AM,71.26057879,OK,56.62054382,OK,100,OK
 8/22/2018  9:11:14 AM,71.26876745,OK,56.30565544,OK,100,OK
 8/22/2018  9:12:14 AM,71.26627197,OK,56.03542636,OK,100,OK
 8/22/2018  9:13:14 AM,71.26384361,OK,55.80479635,OK,100,OK
 8/22/2018  9:14:14 AM,71.26059125,OK,55.58952566,OK,100,OK
 8/22/2018  9:15:14 AM,71.25588868,OK,55.43470756,OK,100,OK
 8/22/2018  9:16:14 AM,71.25441939,OK,55.28519426,OK,100,OK
 8/22/2018  9:17:14 AM,71.24728359,OK,55.17919332,OK,100,OK
 8/22/2018  9:18:14 AM,71.23915694,OK,55.11039087,OK,100,OK
 8/22/2018  9:19:14 AM,71.22463295,OK,55.07060221,OK,100,OK
 8/22/2018  9:20:14 AM,71.20424608,OK,55.0695405,OK,100,OK
 8/22/2018  9:21:14 AM,71.20198041,OK,55.08004494,OK,100,OK
 8/22/2018  9:22:14 AM,71.18689719,OK,55.09371084,OK,100,OK
 8/22/2018  9:23:14 AM,71.17944078,OK,55.10761859,OK,100,OK
 8/22/2018  9:24:14 AM,71.17526782,OK,55.1264035,OK,100,OK
 8/22/2018  9:25:14 AM,71.17199114,OK,55.17196479,OK,100,OK
 8/22/2018  9:26:14 AM,71.17829743,OK,55.23442264,OK,100,OK
 8/22/2018  9:27:14 AM,71.16386582,OK,55.29473856,OK,100,OK
 8/22/2018  9:28:14 AM,71.15437652,OK,55.38257375,OK,100,OK
 8/22/2018  9:29:14 AM,71.14765185,OK,55.47460626,OK,100,OK
 8/22/2018  9:30:14 AM,71.13850872,OK,55.55410748,OK,100,OK
 8/22/2018  9:31:14 AM,71.1511418,OK,55.6210987,OK,100,OK
 8/22/2018  9:32:14 AM,71.14740297,OK,55.64456159,OK,100,OK
 8/22/2018  9:33:14 AM,71.14827126,OK,55.64800283,OK,100,OK
 8/22/2018  9:34:14 AM,71.15643714,OK,55.63156948,OK,100,OK
 8/22/2018  9:35:14 AM,71.16808257,OK,55.60736609,OK,100,OK
 8/22/2018  9:36:14 AM,71.18466909,OK,55.57518744,OK,100,OK
 8/22/2018  9:37:14 AM,71.17604589,OK,55.53327792,OK,100,OK
 8/22/2018  9:38:14 AM,71.18403062,OK,55.50349636,OK,100,OK
 8/22/2018  9:39:14 AM,71.18616945,OK,55.49850432,OK,100,OK
 8/22/2018  9:40:14 AM,71.18719156,OK,55.51971766,OK,100,OK
 8/22/2018  9:41:14 AM,71.185374,OK,55.53869351,OK,100,OK
 8/22/2018  9:42:14 AM,71.19163286,OK,55.56198192,OK,100,OK
 8/22/2018  9:43:14 AM,71.19427021,OK,55.56016852,OK,100,OK
 8/22/2018  9:44:14 AM,71.19859453,OK,55.56385997,OK,100,OK
 8/22/2018  9:45:14 AM,71.20987002,OK,55.5868053,OK,100,OK
 8/22/2018  9:46:14 AM,71.22695334,OK,55.61751081,OK,100,OK
 8/22/2018  9:47:14 AM,71.24535408,OK,55.65546176,OK,100,OK
 8/22/2018  9:48:14 AM,71.25023565,OK,55.6835604,OK,100,OK
 8/22/2018  9:49:14 AM,71.25003745,OK,55.70970718,OK,100,OK
 8/22/2018  9:50:14 AM,71.25923503,OK,55.75411711,OK,100,OK
 8/22/2018  9:51:14 AM,71.26866517,OK,55.79417977,OK,100,OK
 8/22/2018  9:52:14 AM,71.27183068,OK,55.82763036,OK,100,OK
 8/22/2018  9:53:14 AM,71.26768029,OK,55.84516268,OK,100,OK
 8/22/2018  9:54:14 AM,71.25970185,OK,55.85996043,OK,100,OK
 8/22/2018  9:55:14 AM,71.241977,OK,55.88277891,OK,100,OK
 8/22/2018  9:56:14 AM,71.22055391,OK,55.90727881,OK,100,OK
 8/22/2018  9:57:14 AM,71.20541599,OK,55.93917712,OK,100,OK
 8/22/2018  9:58:14 AM,71.19332491,OK,56.00312853,OK,100,OK
 8/22/2018  9:59:14 AM,71.17662907,OK,56.08248625,OK,100,OK
 8/22/2018  10:00:14 AM,71.16041315,OK,56.16894654,OK,100,OK
 8/22/2018  10:01:14 AM,71.13851527,OK,56.2391664,OK,100,OK
 8/22/2018  10:02:14 AM,71.1087221,OK,56.28426542,OK,100,OK
 8/22/2018  10:03:14 AM,71.11231003,OK,56.27945444,OK,100,OK
 8/22/2018  10:04:14 AM,71.12805225,OK,56.25222343,OK,100,OK
 8/22/2018  10:05:14 AM,71.12939701,OK,56.21767805,OK,100,OK
 8/22/2018  10:06:14 AM,71.12399014,OK,56.17831143,OK,100,OK
 8/22/2018  10:07:14 AM,71.11641051,OK,56.13563452,OK,100,OK
 8/22/2018  10:08:14 AM,71.11307629,OK,56.07481258,OK,100,OK
 8/22/2018  10:09:14 AM,71.11043852,OK,55.98870905,OK,100,OK
 8/22/2018  10:10:14 AM,71.10012415,OK,55.90973763,OK,100,OK
 8/22/2018  10:11:14 AM,71.10150299,OK,55.85844985,OK,100,OK
 8/22/2018  10:12:14 AM,71.10855222,OK,55.83331844,OK,100,OK
 8/22/2018  10:13:14 AM,71.12015044,OK,55.82967397,OK,100,OK
 8/22/2018  10:14:14 AM,71.13891826,OK,55.84845691,OK,100,OK
 8/22/2018  10:15:14 AM,71.1551216,OK,55.90280544,OK,100,OK
 8/22/2018  10:16:14 AM,71.17158941,OK,55.98519794,OK,100,OK
 8/22/2018  10:17:14 AM,71.18814993,OK,56.07036976,OK,100,OK
 8/22/2018  10:18:14 AM,71.18954434,OK,56.16441026,OK,100,OK
 8/22/2018  10:19:14 AM,71.20454638,OK,56.22411008,OK,100,OK
 8/22/2018  10:20:14 AM,71.2280879,OK,56.22755526,OK,100,OK
 8/22/2018  10:21:14 AM,71.25411597,OK,56.19551447,OK,100,OK
 8/22/2018  10:22:14 AM,71.26464338,OK,56.15905205,OK,100,OK
 8/22/2018  10:23:14 AM,71.26927423,OK,56.09641855,OK,100,OK
 8/22/2018  10:24:14 AM,71.27591007,OK,56.02669144,OK,100,OK
 8/22/2018  10:25:14 AM,71.28127726,OK,55.95138464,OK,100,OK
 8/22/2018  10:26:14 AM,71.27599961,OK,55.90256899,OK,100,OK
 8/22/2018  10:27:14 AM,71.27121311,OK,55.88613067,OK,100,OK
 8/22/2018  10:28:14 AM,71.27998147,OK,55.88632142,OK,100,OK
 8/22/2018  10:29:14 AM,71.29525345,OK,55.90246658,OK,100,OK
 8/22/2018  10:30:14 AM,71.3095505,OK,55.92485245,OK,100,OK
 8/22/2018  10:31:14 AM,71.31564498,OK,55.96513456,OK,100,OK
 8/22/2018  10:32:14 AM,71.31257693,OK,55.99733006,OK,100,OK
 8/22/2018  10:33:14 AM,71.29275446,OK,56.02767042,OK,100,OK
 8/22/2018  10:34:14 AM,71.28728021,OK,56.07408927,OK,100,OK
 8/22/2018  10:35:14 AM,71.28611454,OK,56.1197284,OK,100,OK
 8/22/2018  10:36:14 AM,71.27988323,OK,56.17671134,OK,100,OK
 8/22/2018  10:37:14 AM,71.28278196,OK,56.25217239,OK,100,OK
 8/22/2018  10:38:14 AM,71.28874847,OK,56.31685004,OK,100,OK
 8/22/2018  10:39:14 AM,71.2932696,OK,56.33705403,OK,100,OK
 8/22/2018  10:40:14 AM,71.29578751,OK,56.31615287,OK,100,OK
 8/22/2018  10:41:14 AM,71.29885951,OK,56.26003551,OK,100,OK
 8/22/2018  10:42:14 AM,71.30824015,OK,56.16881164,OK,100,OK
 8/22/2018  10:43:14 AM,71.30811422,OK,56.0614371,OK,100,OK
 8/22/2018  10:44:14 AM,71.31240204,OK,55.960631,OK,100,OK
 8/22/2018  10:45:14 AM,71.32728445,OK,55.88094997,OK,100,OK
 8/22/2018  10:46:14 AM,71.32665408,OK,55.83634845,OK,100,OK
 8/22/2018  10:47:14 AM,71.32431346,OK,55.79279242,OK,100,OK
 8/22/2018  10:48:14 AM,71.33212961,OK,55.76680249,OK,100,OK
 8/22/2018  10:49:14 AM,71.33931763,OK,55.77446281,OK,100,OK
 8/22/2018  10:50:14 AM,71.33013552,OK,55.80616179,OK,100,OK
 8/22/2018  10:51:14 AM,71.32573576,OK,55.83966548,OK,100,OK
 8/22/2018  10:52:14 AM,71.33100029,OK,55.87086371,OK,100,OK
 8/22/2018  10:53:14 AM,71.3487808,OK,55.92056996,OK,100,OK
 8/22/2018  10:54:14 AM,71.36764027,OK,56.02086466,OK,100,OK
 8/22/2018  10:55:14 AM,71.36660495,OK,56.15199523,OK,100,OK
 8/22/2018  10:56:14 AM,71.35069398,OK,56.27582334,OK,100,OK
 8/22/2018  10:57:14 AM,71.34316516,OK,56.33062933,OK,100,OK
 8/22/2018  10:58:14 AM,71.34434892,OK,56.33985389,OK,100,OK
 8/22/2018  10:59:14 AM,71.35084713,OK,56.29831648,OK,100,OK
 8/22/2018  11:00:14 AM,71.35753141,OK,56.21545399,OK,100,OK
 8/22/2018  11:01:14 AM,71.35299631,OK,56.09953688,OK,100,OK
 8/22/2018  11:02:14 AM,71.36724949,OK,55.97250292,OK,100,OK
 8/22/2018  11:03:14 AM,71.38483238,OK,55.85322884,OK,100,OK
 8/22/2018  11:04:14 AM,71.39200818,OK,55.80157518,OK,100,OK
 8/22/2018  11:05:14 AM,71.39162445,OK,55.79976273,OK,100,OK